cluster,violation_count,lat,lon,total_impact,avg_impact,avg_lanes_blocked,peak_pct,weekend_pct,active_days,active_weeks,approved_pct,scita_pct,fixed_camera_pct,compound_pct,junction_label,police_station,top_vehicle,zone_name,c_impact,c_lanes,c_peak,c_consistency,c_persistence,c_official,c_compound,raw_score,congestion_score,blockage_pct,daily_rate,risk_tier,enforcement_shift,weekend_bias,congestion_score_v4,risk_tier_v4,peak_pct_pct,metro_dist_m,event_dist_m,c_metro,c_event,congestion_score_v5,risk_tier_v5,near_metro,near_event_venue,context_tags
0,637,12.932171521507064,77.6317938021978,1189.9602,1.868069387755102,0.7156985871271585,0.8288854003139717,0.3940345368916798,55,20,0.1883830455259026,0.6766091051805337,0.7582417582417582,0.0596546310832025,,Adugodi,CAR,Adugodi area,0.0466587819934186,0.3378830880590205,0.7775003947869542,0.3310344827586207,0.8333333333333334,0.1756510710672146,0.0596546310832025,0.3348415014329298,41.7,17.9,11.6,MEDIUM,Evening + night (7pm–midnight),Weekday-uniform,41.7,MEDIUM,82.9,121.0,578.0,1.0,0.5273373544865402,55.8,HIGH,True,True,"Metro zone, Event venue"
1,4747,13.000270244039436,77.55056025292262,7223.518499999999,1.5217018116705283,0.6147461554666105,0.9292184537602696,0.2945017906045923,147,23,0.5220139035180114,0.8156730566673689,0.8245207499473352,0.015799452285654,Modi Bridge Junction,Malleshwaram,CAR,Modi Bridge Junction,0.3139568205954455,0.2558281559211366,0.9079630486024808,0.9655172413793104,1.0,0.5692231467886275,0.015799452285654,0.5712956003572184,81.3,15.4,32.3,CRITICAL,Late night (11pm–4am),Weekday-uniform,81.3,CRITICAL,92.9,3571.0,1311.0,0.0,0.0,72.8,HIGH,False,False,General
2,13452,12.981664422076683,77.60820891184771,22709.1597,1.688162332738626,0.6322479928635147,0.7514867677668748,0.3789027653880464,151,23,0.4927891763306571,0.8817276241451085,0.8788284269997026,0.0970859351769253,Safina Plaza Junction,Shivajinagar,SCOOTER,Safina Plaza Junction,1.0,0.2700537873028568,0.6768592734720162,0.993103448275862,1.0,0.582896389052375,0.0970859351769253,0.7541464120216941,100.0,15.8,89.1,CRITICAL,Evening + night (7pm–midnight),Weekday-uniform,100.0,CRITICAL,75.1,558.0,990.0,0.7137006745316495,0.012980391639891,100.0,CRITICAL,False,False,General
3,8389,12.972811670874702,77.57787440685316,12987.1986,1.5481223745380857,0.5895577542019311,0.8645845750387412,0.3361544880200262,152,23,0.5078078436047204,0.8465848134461795,0.8896173560615092,0.0604362856121111,Sagar Theatre Junction,Upparpet,SCOOTER,Sagar Theatre Junction,0.5692987447564393,0.2353548248439342,0.8239198838151678,1.0,1.0,0.5751328904024267,0.0604362856121111,0.6402159330466453,88.3,14.7,55.2,CRITICAL,Late night (11pm–4am),Weekday-uniform,88.3,CRITICAL,86.5,604.0,1156.0,0.6617393016809496,0.0,88.5,CRITICAL,False,False,General
4,4552,12.974441628385138,77.54605178736041,4844.1165,1.0641732205623902,0.3920694200351494,0.913664323374341,0.1772847100175747,147,23,0.5474516695957821,0.8644551845342706,0.750219683655536,0.0584358523725834,Hosahalli Metro Station,Vijayanagara,SCOOTER,Hosahalli Metro Station,0.2085448139449521,0.0748347502748751,0.8877380772870498,0.9655172413793104,1.0,0.6227276457935133,0.0584358523725834,0.5169715117226514,70.4,9.8,31.0,HIGH,Late night (11pm–4am),Weekday-uniform,70.4,HIGH,91.4,3002.0,4184.0,0.0,0.0,62.6,HIGH,False,False,General
5,716,13.027880195810054,77.57419944385474,1494.5055,2.0872981843575418,0.8803072625698324,0.6675977653631285,0.2290502793296089,111,22,0.4860335195530726,0.8449720670391061,0.7988826815642458,0.053072625698324,,Sadashivanagar,CAR,Sadashivanagar area,0.0601507144995595,0.4716783168671052,0.5677787511156656,0.7172413793103448,0.9444444444444444,0.5540395911694574,0.053072625698324,0.4340520162901415,62.5,22.0,6.5,HIGH,Evening + night (7pm–midnight),Weekday-uniform,62.5,HIGH,66.8,2379.0,2478.0,0.0,0.0,55.4,HIGH,False,False,General
6,2775,12.966339091898602,77.5374849442426,4027.3497,1.451297189189189,0.5377297297297298,0.7985585585585585,0.3491891891891892,140,23,0.6227027027027027,0.9236036036036036,0.6072072072072072,0.0533333333333333,"5th Main Road, RPC Layout",Vijayanagara,SCOOTER,"5th Main Road, RPC Layout",0.1723605006790549,0.1932285980561843,0.7380665280665278,0.9172413793103448,1.0,0.7285965122252921,0.0533333333333333,0.504514943907871,69.1,13.4,19.8,HIGH,Evening + night (7pm–midnight),Weekday-uniform,69.1,HIGH,79.9,4099.0,5335.0,0.0,0.0,61.3,HIGH,False,False,General
7,2533,12.999569461457511,77.57069325890814,4685.997,1.8499790761942363,0.7823134622976708,0.8124753257007501,0.3900513225424398,149,23,0.393999210422424,0.807737860244769,0.800236873272799,0.0209238057639163,,Malleshwaram,CAR,Malleshwaram area,0.2015398211839253,0.392028183640964,0.7561624427381054,0.9793103448275862,1.0,0.4461639997737648,0.0209238057639163,0.5252496823017482,79.3,19.6,17.0,CRITICAL,Evening + night (7pm–midnight),Weekday-uniform,79.3,CRITICAL,81.2,2160.0,2023.0,0.0,0.0,71.1,HIGH,False,False,General
8,1288,12.961980313897516,77.59840075458075,1369.6709999999998,1.063409161490683,0.3605590062111801,0.9604037267080744,0.0993788819875776,85,21,0.5729813664596274,0.7593167701863354,0.703416149068323,0.0170807453416149,Nanjappa Circle,Ashok Nagar,SCOOTER,Nanjappa Circle,0.0546203101609017,0.0492228375608114,0.948513129846742,0.5379310344827586,0.8888888888888888,0.5815901022338564,0.0170807453416149,0.3946380797111725,46.3,9.0,15.2,MEDIUM,Late night (11pm–4am),Weekday-uniform,46.3,MEDIUM,96.0,949.0,1146.0,0.2793447597247992,0.0,43.9,MEDIUM,False,False,General
9,503,12.943421226892983,77.6974841846357,2377.5840000000003,4.726807157057655,1.1405566600397614,0.9165009940357852,0.0715705765407554,78,21,0.6739562624254473,0.8727634194831014,0.8469184890656064,0.510934393638171,,HAL Old Airport,CAR,HAL Old Airport area,0.0992727614319012,0.6832110783574415,0.8914265883986026,0.4896551724137931,0.8888888888888888,0.7446223354589631,0.510934393638171,0.5283235964217398,72.1,28.5,6.4,HIGH,Late night (11pm–4am),Weekday-uniform,72.1,HIGH,91.7,3474.0,1377.0,0.0,0.0,64.4,HIGH,False,False,General
10,1297,12.935428099768696,77.61530814178874,2447.826,1.8872983808789512,0.5989205859676175,0.5767154973014649,0.4132613723978411,118,23,0.4348496530454896,0.8851195065535852,0.3107170393215112,0.1079414032382421,UCO Bank Junction,Adugodi,SCOOTER,UCO Bank Junction,0.1023846148182327,0.2429650082988024,0.4496049143905142,0.7655172413793103,1.0,0.5314974973837205,0.1079414032382421,0.407975278956048,54.4,15.0,11.0,HIGH,Mixed / daytime,Weekday-uniform,54.4,HIGH,57.7,1759.0,1009.0,0.0,0.0,47.8,MEDIUM,False,False,General
11,1599,12.9640297260788,77.71771534615385,3862.884,2.415812382739212,1.0401500938086303,0.9768605378361476,0.2020012507817385,76,19,0.5703564727954972,0.9030644152595372,0.9893683552220136,0.0300187617260788,,HAL Old Airport,MAXI-CAB,HAL Old Airport area,0.1650743592610944,0.6015998299429753,0.9699118531922688,0.4758620689655172,0.7777777777777778,0.6676331840628998,0.0300187617260788,0.5026704048638142,69.2,26.0,21.0,HIGH,Late night (11pm–4am),Weekday-uniform,69.2,HIGH,97.7,1087.0,1977.0,0.1255154277792611,0.0,63.4,HIGH,False,False,General
12,123,12.916162605317108,77.63784207208353,295.20599999999996,2.400048780487805,0.7788617886178861,0.8211382113821138,0.4552845528455284,57,20,0.5934959349593496,0.8780487804878049,0.1138211382113821,0.040650406504065,,HSR Layout,CAR,HSR Layout area,0.0070194794791915,0.3892226360687252,0.7674267571078077,0.3448275862068966,0.8333333333333334,0.6735988648295674,0.040650406504065,0.3800531308927652,46.0,19.5,2.2,MEDIUM,Evening + night (7pm–midnight),Weekday-uniform,46.0,MEDIUM,82.1,911.0,1590.0,0.3208402773214631,0.0,44.4,MEDIUM,False,False,General
13,169,13.045858590532545,77.75031378106509,648.0918,3.8348627218934914,1.0485207100591716,0.6923076923076923,0.3136094674556213,75,22,0.4792899408284023,0.8402366863905325,0.0946745562130177,0.3254437869822485,,K.R. Pura,CAR,K.R. Pura area,0.0226529875188018,0.6084035328067158,0.599908966772872,0.4689655172413793,0.9444444444444444,0.5449000345928234,0.3254437869822485,0.4235942360316248,57.9,26.2,2.3,HIGH,Evening + night (7pm–midnight),Weekday-uniform,57.9,HIGH,69.2,8675.0,6777.0,0.0,0.0,51.2,HIGH,False,False,General
14,1453,12.975709912302028,77.55987216233308,1837.8522,1.264867309015829,0.4660701995870613,0.8231245698554714,0.270474879559532,127,22,0.4941500344115623,0.9002064693737095,0.6545079146593256,0.0874053682037164,Leprosy Hospital Junction,Magadi Road,SCOOTER,Leprosy Hospital Junction,0.075361622376339,0.1349831671520449,0.7700096108031944,0.8275862068965517,0.9444444444444444,0.5955250392242785,0.0874053682037164,0.4408625512177284,59.0,11.7,11.4,HIGH,Evening + night (7pm–midnight),Weekday-uniform,59.0,HIGH,82.3,1498.0,3131.0,0.0,0.0,52.0,HIGH,False,False,General
15,688,12.98043032357212,77.55671603165362,1525.8414,2.2177927325581397,0.6398255813953488,0.7848837209302325,0.2718023255813953,132,23,0.5406976744186046,0.9069767441860463,0.3982558139534883,0.1206395348837209,Rajajinagar Entrance,Magadi Road,SCOOTER,Rajajinagar Entrance,0.0615389541073261,0.2762129109863673,0.7202851933397548,0.8620689655172413,1.0,0.6426616857449604,0.1206395348837209,0.4675448920273844,65.8,16.0,5.2,HIGH,Evening + night (7pm–midnight),Weekday-uniform,65.8,HIGH,78.5,1862.0,3378.0,0.0,0.0,58.4,HIGH,False,False,General
16,1458,12.973093044032922,77.6157600154321,4260.738,2.9223168724279835,0.9636488340192044,0.9094650205761317,0.1886145404663923,132,22,0.5192043895747599,0.8305898491083676,0.7729766803840878,0.051440329218107,Palmgroove Junction,Halasur,CAR,Palmgroove Junction,0.1827000435691371,0.5394190030205356,0.8822777412521002,0.8620689655172413,0.9444444444444444,0.5758097709880043,0.051440329218107,0.5519723075433729,83.0,24.1,11.0,CRITICAL,Late night (11pm–4am),Weekday-uniform,83.0,CRITICAL,90.9,473.0,1636.0,0.8072755803183294,0.0,85.9,CRITICAL,True,False,Metro zone
17,7070,12.933580799063622,77.6907019533934,12492.2106,1.766932192362093,0.4902970297029703,0.9673267326732672,0.0842998585572843,118,21,0.3893917963224894,0.7902404526166903,0.8926449787835926,0.3192362093352192,,HAL Old Airport,SCOOTER,HAL Old Airport area,0.5473698406251011,0.1546749256206409,0.9575150858281094,0.7655172413793103,0.8888888888888888,0.4311423241875164,0.3192362093352192,0.5938319718861409,75.7,12.3,59.9,CRITICAL,Late night (11pm–4am),Weekday-uniform,75.7,CRITICAL,96.7,4606.0,1024.0,0.0,0.0,67.5,HIGH,False,False,General
18,1722,13.000362677150076,77.6769517300487,6293.85408,3.654967526132405,0.9397793263646922,0.9401858304297328,0.1399535423925667,112,22,0.4343786295005807,0.8681765389082462,0.6306620209059234,0.4216027874564459,,Mahadevapura,PASSENGER AUTO,Mahadevapura area,0.2727709293405138,0.5200176790648977,0.9222238830587798,0.7241379310344828,0.9444444444444444,0.5206355109782387,0.4216027874564459,0.5743763376909687,80.7,23.5,15.4,CRITICAL,Late night (11pm–4am),Weekday-uniform,80.7,CRITICAL,94.0,2806.0,2117.0,0.0,0.0,72.5,HIGH,False,False,General
19,1646,12.996881508809237,77.6121400134265,2451.495,1.489365127582017,0.5282503037667071,0.6166464155528554,0.2752126366950182,122,22,0.5650060753341434,0.94228432563791,0.6707168894289186,0.0680437424058323,,Pulikeshinagar(F.Town),SCOOTER,Pulikeshinagar(F.Town) area,0.1025471584541549,0.1855236459187521,0.5015269219984613,0.7931034482758621,0.9444444444444444,0.6868310174147182,0.0680437424058323,0.4193169832714157,54.5,13.2,13.5,HIGH,Evening + night (7pm–midnight),Weekday-uniform,54.5,HIGH,61.7,2222.0,1848.0,0.0,0.0,47.8,MEDIUM,False,False,General
20,1957,12.94402483787584,77.57135531467195,2795.9265,1.4286798671435872,0.5495145631067961,0.7889626980071538,0.3091466530403679,143,23,0.4547777210015329,0.826264690853347,0.4041900868676545,0.0516096065406234,Tagore Park Junction,Basavanagudi,SCOOTER,Tagore Park Junction,0.1178061250216536,0.2028074035104501,0.7255890703377045,0.9379310344827586,1.0,0.5136730519101654,0.0516096065406234,0.4692387492741808,66.9,13.7,13.7,HIGH,Evening + night (7pm–midnight),Weekday-uniform,66.9,HIGH,78.9,3708.0,3614.0,0.0,0.0,59.5,HIGH,False,False,General
21,367,13.018703924950234,77.55772115504814,934.818,2.5471880108991827,0.7051771117166212,0.9155313351498636,0.2833787465940054,80,20,0.5095367847411444,0.9318801089918256,0.1907356948228883,0.215258855585831,,Yeshwanthpura,SCOOTER,Yeshwanthpura area,0.0353555002094992,0.3293311499174507,0.8901657449655772,0.503448275862069,0.8333333333333334,0.629222002450814,0.215258855585831,0.4260669020323206,54.0,17.6,4.6,HIGH,Late night (11pm–4am),Weekday-uniform,54.0,HIGH,91.6,4065.0,898.0,0.0,0.1269504661940088,48.8,MEDIUM,False,False,General
22,582,13.024894057014368,77.58524255236446,1121.076,1.9262474226804125,0.8152920962199313,0.8367697594501718,0.2783505154639175,115,21,0.3694158075601375,0.7508591065292096,0.7061855670103093,0.0756013745704467,,R.T. Nagar,CAR,R.T. Nagar area,0.0436070817138888,0.4188334772230968,0.7877523943146464,0.7448275862068966,0.8888888888888888,0.3884653136800455,0.0756013745704467,0.4373096321612784,64.3,20.4,5.1,HIGH,Evening + night (7pm–midnight),Weekday-uniform,64.3,HIGH,83.7,1155.0,1381.0,0.0499678768453587,0.0,58.1,HIGH,False,False,General
23,3044,13.035353057503205,77.58903341876787,4002.4848,1.314876741130092,0.5514454664914585,0.8390275952693824,0.2391590013140604,146,23,0.3176741130091984,0.5890275952693824,0.9582785808147176,0.0791721419185282,,Hebbala,SCOOTER,Hebbala area,0.1712589386041454,0.2043768570004466,0.7906882488783834,0.9586206896551724,1.0,0.2411049004722399,0.0791721419185282,0.4724996480544944,69.4,13.8,20.8,HIGH,Evening + night (7pm–midnight),Weekday-uniform,69.4,HIGH,83.9,885.0,1068.0,0.3501710442518077,0.0,66.9,HIGH,False,False,General
24,330,12.888479224119193,77.56270068851575,448.017,1.357627272727273,0.4675757575757576,0.593939393939394,0.2696969696969697,77,23,0.5212121212121212,0.8303030303030303,0.006060606060606,0.0242424242424242,,Thalagattapura,SCOOTER,Thalagattapura area,0.0137892956549653,0.1362068965517241,0.4720010758472297,0.4827586206896552,1.0,0.5774866742257017,0.0242424242424242,0.3267425662944723,36.4,11.7,4.3,MEDIUM,Mixed / daytime,Weekday-uniform,36.4,MEDIUM,59.4,7410.0,5249.0,0.0,0.0,30.7,MEDIUM,False,False,General
25,150,12.896655932666668,77.720044262,294.4086,1.962724,0.7186666666666667,0.8066666666666666,0.1866666666666666,62,22,0.42,0.8733333333333333,0.0666666666666666,0.1333333333333333,,Whitefield,SCOOTER,Whitefield area,0.0069841531517769,0.340295566502463,0.7486094674556213,0.3793103448275862,0.9444444444444444,0.5105356409318869,0.1333333333333333,0.3744922279676834,45.9,18.0,2.4,MEDIUM,Evening + night (7pm–midnight),Weekday-uniform,45.9,MEDIUM,80.7,6012.0,5070.0,0.0,0.0,39.8,MEDIUM,False,False,General
26,1114,12.969332470123655,77.64269881388613,2804.0805,2.517127917414722,0.7061938958707361,0.7127468581687613,0.5134649910233393,127,22,0.4614003590664273,0.8025134649910234,0.7055655296229802,0.22262118491921,"17th Main, Doopanahalli Bus Stop",Jeevanbheemanagar,CAR,"17th Main, Doopanahalli Bus Stop",0.1181673626360744,0.3301576000919776,0.6264859294827532,0.8275862068965517,0.9444444444444444,0.5051695271478371,0.22262118491921,0.4591771256667034,64.5,17.7,8.8,HIGH,Evening + night (7pm–midnight),Weekday-uniform,64.5,HIGH,71.3,985.0,945.0,0.2392308548850559,0.0692019842154273,61.4,HIGH,False,False,General
27,309,13.093652767313916,77.59427846699029,322.7535,1.044509708737864,0.4168284789644013,0.7249190938511327,0.4368932038834951,40,18,0.343042071197411,0.8349514563106796,0.4822006472491909,0.0550161812297734,,Yelahanka,SCOOTER,Yelahanka area,0.0082398858053207,0.0949591085178631,0.6423134371229965,0.2275862068965517,0.7222222222222222,0.4158713665532054,0.0550161812297734,0.2637609465612394,22.7,10.4,7.7,LOW,Evening + night (7pm–midnight),Weekday-uniform,22.7,LOW,72.5,5419.0,7117.0,0.0,0.0,18.3,LOW,False,False,General
28,1353,12.957783596816498,77.70155895582354,3325.4868,2.4578616407982263,0.7182557280118256,0.8477457501847746,0.2779009608277901,141,22,0.532150776053215,0.8861788617886179,0.5750184774575019,0.204730229120473,,HAL Old Airport,SCOOTER,HAL Old Airport area,0.1412666473988885,0.3399615523248829,0.8020244296041669,0.9241379310344828,0.9444444444444444,0.6219721084001365,0.204730229120473,0.5191767479046782,74.6,18.0,9.6,HIGH,Evening + night (7pm–midnight),Weekday-uniform,74.6,HIGH,84.8,1861.0,313.0,0.0,0.8585125061948901,75.8,CRITICAL,False,True,Event venue
29,601,12.987431035773712,77.73446384193012,816.0915,1.3578893510815309,0.3447587354409318,0.7371048252911814,0.1064891846921797,49,17,0.3494176372712146,0.7121464226289518,0.8885191347753744,0.8868552412645591,,Mahadevapura,MOTOR CYCLE,Mahadevapura area,0.0300956918174789,0.0363802529445997,0.658158493241048,0.2896551724137931,0.6666666666666666,0.3461793394777871,0.8868552412645591,0.3022851580128332,24.0,8.6,12.3,LOW,Evening + night (7pm–midnight),Weekday-uniform,24.0,LOW,73.7,2152.0,1385.0,0.0,0.0,19.7,LOW,False,False,General
30,1572,12.912119868451878,77.63620663294724,1770.1236,1.1260328244274809,0.4407124681933842,0.4370229007633587,0.3950381679389313,122,23,0.477735368956743,0.7538167938931297,0.7665394402035624,0.0203562340966921,,HSR Layout,SCOOTER,HSR Layout area,0.0723611173613694,0.1143722032113714,0.2679632097204028,0.7931034482758621,1.0,0.49027978226551,0.0203562340966921,0.3480699543209419,44.5,11.0,12.9,MEDIUM,Mixed / daytime,Weekday-uniform,44.5,MEDIUM,43.7,570.0,1346.0,0.7000428682722499,0.0,48.3,MEDIUM,False,False,General
31,682,13.097202446818065,77.59930588066932,1323.864,1.941149560117302,0.7979472140762464,0.9750733137829912,0.2023460410557184,99,23,0.501466275659824,0.9164222873900292,0.3489736070381232,0.0747800586510264,,Yelahanka,SCOOTER,Yelahanka area,0.0525909734667915,0.4047354203082791,0.9675879331586528,0.6344827586206897,1.0,0.6122586189141955,0.0747800586510264,0.4817630736771515,67.2,19.9,6.9,HIGH,Late night (11pm–4am),Weekday-uniform,67.2,HIGH,97.5,5809.0,7510.0,0.0,0.0,59.7,HIGH,False,False,General
32,418,13.049963042583732,77.59310622105264,898.3695,2.149209330143541,0.7521531100478468,0.8803827751196173,0.2535885167464115,66,20,0.562200956937799,0.7464114832535885,0.0023923444976076,0.1339712918660287,,Kodigehalli,CAR,Kodigehalli area,0.0337407627568113,0.367513611615245,0.8444622179439992,0.4068965517241379,0.8333333333333334,0.5636959981110835,0.1339712918660287,0.3993545837572938,49.9,18.8,6.3,MEDIUM,Late night (11pm–4am),Weekday-uniform,49.9,MEDIUM,88.0,708.0,2292.0,0.546710663959864,0.0,51.3,HIGH,False,False,General
33,677,13.06320403338257,77.58923749527327,1515.2058,2.238117872968981,0.8503692762186116,0.3692762186115214,0.2289512555391432,81,21,0.3426883308714918,0.5819793205317577,0.9704579025110784,0.1654357459379616,,Kodigehalli,CAR,Kodigehalli area,0.0610677769216585,0.4473444855964085,0.179872479525928,0.5103448275862069,0.8888888888888888,0.2598588494000535,0.1654357459379616,0.3121011631085714,40.9,21.3,8.4,MEDIUM,Mixed / daytime,Weekday-uniform,40.9,MEDIUM,36.9,2200.0,3819.0,0.0,0.0,35.5,MEDIUM,False,False,General
34,4750,13.07109091441411,77.58801517820527,3767.856,0.7932328421052631,0.3950947368421053,0.6332631578947369,0.3088421052631579,131,23,0.1898947368421052,0.4347368421052631,0.912842105263158,0.0776842105263157,,Kodigehalli,SCOOTER,Kodigehalli area,0.1608644392190069,0.0772937516204304,0.5231336032388664,0.8551724137931035,1.0,0.0281917752956664,0.0776842105263157,0.3733026851194445,51.7,9.9,36.3,HIGH,Evening + night (7pm–midnight),Weekday-uniform,51.7,HIGH,63.3,3067.0,4704.0,0.0,0.0,45.6,MEDIUM,False,False,General
35,90,12.966845481601563,77.65819335655385,269.862,2.998466666666667,0.96,0.8777777777777778,0.0222222222222222,12,7,0.1,0.9222222222222224,0.0111111111111111,0.8777777777777778,,Jeevanbheemanagar,CAR,Jeevanbheemanagar area,0.0058966923685855,0.5364532019704435,0.8410749506903353,0.0344827586206896,0.1111111111111111,0.2452180828093237,0.8777777777777778,0.2930924526837283,27.9,24.0,7.5,MEDIUM,Late night (11pm–4am),Weekday-uniform,27.9,MEDIUM,87.8,1067.0,1391.0,0.1474410656395083,0.0,26.4,MEDIUM,False,False,General
36,770,12.956825181948052,77.58614356363636,1809.0537,2.3494203896103896,0.8375324675324675,0.9233766233766234,0.3142857142857143,143,23,0.474025974025974,0.8415584415584415,0.0792207792207792,0.0259740259740259,Urvashi Theater,Wilson Garden,CAR,Urvashi Theater,0.0740857943853042,0.4369106263194933,0.9003669407515562,0.9379310344827586,1.0,0.5408540953243903,0.0259740259740259,0.5188911393798027,79.4,20.9,5.4,CRITICAL,Late night (11pm–4am),Weekday-uniform,79.4,CRITICAL,92.3,1822.0,1696.0,0.0,0.0,71.3,HIGH,False,False,General
37,505,12.913724914851484,77.60650942217822,975.21,1.931108910891089,0.5588118811881188,0.6217821782178218,0.4594059405940594,47,14,0.8396039603960396,0.9603960396039604,0.9702970297029704,0.0178217821782178,"16th Main Road, BTM Layout",Mico Layout,SCOOTER,"16th Main Road, BTM Layout",0.0371449421670274,0.2103643369263034,0.5082049329193273,0.2758620689655172,0.5,0.951470024106537,0.0178217821782178,0.306346274991345,26.9,14.0,10.7,MEDIUM,Evening + night (7pm–midnight),Weekday-uniform,26.9,MEDIUM,62.2,2667.0,570.0,0.0,0.5370363560965554,27.7,MEDIUM,False,True,Event venue
38,2512,12.992645399569708,77.58896271246499,2300.7201,0.9158917595541402,0.3582404458598726,0.9928343949044586,0.1222133757961783,94,22,0.6457006369426752,0.8236464968152867,0.286624203821656,0.0330414012738853,Windsor Circle,High ground,SCOOTER,Windsor Circle,0.0958675453574494,0.0473382934329013,0.9906825933742884,0.6,0.9444444444444444,0.6883105130690859,0.0330414012738853,0.4393909624433606,52.7,9.0,26.7,HIGH,Late night (11pm–4am),Weekday-uniform,52.7,HIGH,99.3,109.0,773.0,1.0,0.2836958684826953,62.9,HIGH,True,False,Metro zone
39,1758,12.84188847187987,77.64584634283814,2437.2045,1.3863506825938563,0.5781001137656427,0.2309442548350398,0.4573378839590443,122,23,0.2963594994311718,0.767349260523322,0.8697383390216155,0.043230944254835,,Electronic City,SCOOTER,Electronic City area,0.1019140622892199,0.2260419643907933,0.0,0.7931034482758621,1.0,0.3311725325617426,0.043230944254835,0.3187248310556803,42.5,14.5,14.4,MEDIUM,Mixed / daytime,Weekday-uniform,42.5,MEDIUM,23.1,4267.0,7202.0,0.0,0.0,36.8,MEDIUM,False,False,General
40,512,12.925393694651255,77.61880138841892,1490.6904,2.9115046875,1.0357421875,0.888671875,0.2109375,82,21,0.404296875,0.84375,0.453125,0.029296875,Madiwala Traffic PS Junction,Madiwala,CAR,Madiwala Traffic PS Junction,0.059981698357448,0.5980170489532018,0.8552405001849113,0.5172413793103449,0.8888888888888888,0.477833050885832,0.029296875,0.4517063865019752,65.1,25.9,6.2,HIGH,Late night (11pm–4am),Weekday-uniform,65.1,HIGH,88.9,1395.0,890.0,0.0,0.1378849436679435,59.4,HIGH,False,False,General
41,157,12.91699778089172,77.65172620127389,195.099,1.242668789808917,0.4598726114649681,0.7070063694267515,0.2420382165605095,59,21,0.5732484076433121,0.8662420382165605,0.0,0.0063694267515923,,HSR Layout,SCOOTER,HSR Layout area,0.0025845501357006,0.1299457186784224,0.6190215957486902,0.3586206896551724,0.8888888888888888,0.6476413506327895,0.0063694267515923,0.3208850609428004,32.9,11.5,2.7,MEDIUM,Evening + night (7pm–midnight),Weekday-uniform,32.9,MEDIUM,70.7,2088.0,2689.0,0.0,0.0,27.5,MEDIUM,False,False,General
42,543,12.899759080847884,77.67546746800161,1006.8555,1.854245856353591,0.7162062615101289,0.6942909760589319,0.43646408839779,82,22,0.5027624309392266,0.7200736648250461,0.2062615101289134,0.0220994475138121,,Bellandur,CAR,Bellandur area,0.0385468976400657,0.3382957297988733,0.6024878224198241,0.5172413793103449,0.9444444444444444,0.4926168453208013,0.0220994475138121,0.3750789103735912,48.6,17.9,6.6,MEDIUM,Evening + night (7pm–midnight),Weekday-uniform,48.6,MEDIUM,69.4,2574.0,1362.0,0.0,0.0,42.3,MEDIUM,False,False,General
43,1258,12.959789362746855,77.64697508898487,4278.8817,3.4013368044515104,1.0593799682034977,0.9300476947535772,0.2551669316375198,134,22,0.5023847376788553,0.9197138314785374,0.7074721780604134,0.1168521462639109,"17th Main, Doopanahalli Bus Stop",Jeevanbheemanagar,MAXI-CAB,"17th Main, Doopanahalli Bus Stop",0.1835038437782084,0.617230023416636,0.9090413072313523,0.8758620689655172,0.9444444444444444,0.6151321950254661,0.1168521462639109,0.5771714343356749,87.8,26.5,9.4,CRITICAL,Late night (11pm–4am),Weekday-uniform,87.8,CRITICAL,93.0,1736.0,661.0,0.0,0.4233496366956345,83.5,CRITICAL,False,False,General
44,466,12.983459266715306,77.5612954809726,959.964,2.060008583690987,0.7849785407725323,0.7982832618025751,0.3197424892703863,83,22,0.5,0.8583690987124464,0.6094420600858369,0.0665236051502145,Rajajinagar Entrance,Rajajinagar,CAR,Rajajinagar Entrance,0.0364695155458035,0.394194380430876,0.7377085608350051,0.5241379310344828,0.9444444444444444,0.5751775211054146,0.0665236051502145,0.4146353623212923,55.0,19.6,5.6,HIGH,Evening + night (7pm–midnight),Weekday-uniform,55.0,HIGH,79.8,1499.0,3094.0,0.0,0.0,48.3,MEDIUM,False,False,General
45,1677,12.927003535375,77.67875477035741,4805.6985,2.8656520572450805,1.2295169946332738,0.954680977936792,0.0691711389385808,119,22,0.4138342277877161,0.791293977340489,0.7024448419797257,0.0172927847346452,,Bellandur,MAXI-CAB,Bellandur area,0.2068428239190974,0.7555187394802472,0.941071863323136,0.7724137931034483,0.9444444444444444,0.4543545024302596,0.0172927847346452,0.5731480404859567,89.5,30.7,14.1,CRITICAL,Late night (11pm–4am),Weekday-uniform,89.5,CRITICAL,95.5,4972.0,484.0,0.0,0.6444096232809642,87.6,CRITICAL,False,True,Event venue
46,3481,13.008433859921237,77.69532439358066,8173.4718,2.348024073542086,0.743234702671646,0.6141913243320885,0.3636885952312554,151,23,0.3384085033036483,0.8250502729100833,0.6529732835392129,0.3223211720769893,,K.R. Pura,SCOOTER,K.R. Pura area,0.356041547588723,0.3602646598070029,0.4983345770531149,0.993103448275862,1.0,0.4055004712884117,0.3223211720769893,0.5412339727797044,77.5,18.6,23.1,CRITICAL,Evening + night (7pm–midnight),Weekday-uniform,77.5,CRITICAL,61.4,3753.0,1264.0,0.0,0.0,69.5,HIGH,False,False,General
47,1761,12.928832388131744,77.58289082095399,3366.6863999999996,1.911803747870528,0.6345826235093697,0.8273708120386144,0.326519023282226,145,23,0.4997160704145372,0.8341851220897217,0.3503691084611016,0.0477001703577512,"New Diagonal Road, Jayanagar",Jayanagara,CAR,"New Diagonal Road, Jayanagar",0.1430918675631136,0.2719513934928374,0.7755309819259496,0.9517241379310344,1.0,0.5600319340133847,0.0477001703577512,0.5011967391906333,72.6,15.9,12.1,HIGH,Evening + night (7pm–midnight),Weekday-uniform,72.6,HIGH,82.7,4896.0,2195.0,0.0,0.0,64.8,HIGH,False,False,General
48,817,12.993575838817602,77.6625602587341,1072.6815,1.3129516523867808,0.4848225214198287,0.4247246022031823,0.2900856793145654,93,21,0.3121175030599755,0.9094247246022032,0.7637698898408812,0.0134638922888616,,Banaswadi,SCOOTER,Banaswadi area,0.0414631138783371,0.1502252021392696,0.2519717830423036,0.593103448275862,0.8888888888888888,0.4331565144886855,0.0134638922888616,0.2946117341343169,34.2,12.1,8.8,MEDIUM,Mixed / daytime,Weekday-uniform,34.2,MEDIUM,42.5,1946.0,2102.0,0.0,0.0,29.0,MEDIUM,False,False,General
49,169,12.972359384615384,77.50810944792899,528.9546,3.129908875739645,0.8514792899408284,0.8757396449704142,0.2544378698224852,66,22,0.5562130177514792,0.863905325443787,0.0,0.2189349112426035,,Jnanabharathi,CAR,Jnanabharathi area,0.0173749843403892,0.448246713498703,0.8384247750428907,0.4068965517241379,0.9444444444444444,0.6304772070794369,0.2189349112426035,0.4276866120564948,54.9,21.3,2.6,HIGH,Late night (11pm–4am),Weekday-uniform,54.9,HIGH,87.6,7118.0,6723.0,0.0,0.0,48.1,MEDIUM,False,False,General
50,1241,12.953120947324312,77.54217979198727,3012.8529,2.4277622078968575,0.7107171635777598,0.765511684125705,0.4681708299758259,120,23,0.5664786462530218,0.9258662369057212,0.6333601933924254,0.2167606768734891,Gali Anjaneya Temple,Byatarayanapura,SCOOTER,Gali Anjaneya Temple,0.1274163746219598,0.3338341477356176,0.6950958141220336,0.7793103448275862,1.0,0.67808626754917,0.2167606768734891,0.488107618987965,66.7,17.8,10.3,HIGH,Evening + night (7pm–midnight),Weekday-uniform,66.7,HIGH,76.6,4338.0,5436.0,0.0,0.0,59.1,HIGH,False,False,General
51,778,12.89137052117838,77.63841375762527,1809.57,2.325925449871465,0.9993573264781492,0.884318766066838,0.2917737789203085,118,22,0.5488431876606684,0.8637532133676092,0.8419023136246787,0.0796915167095115,,Hulimavu,CAR,Hulimavu area,0.074108667451324,0.568443147137412,0.8495801706697493,0.7655172413793103,0.9444444444444444,0.6235802009174818,0.0796915167095115,0.5105507244850361,76.2,25.0,6.6,CRITICAL,Late night (11pm–4am),Weekday-uniform,76.2,CRITICAL,88.4,804.0,1872.0,0.4404439862623401,0.0,74.5,HIGH,False,False,General
52,1047,13.00569752060209,77.68580400736356,2160.642,2.0636504297994267,0.7432664756446992,0.7363896848137536,0.2693409742120344,74,22,0.5644699140401146,0.7593123209169055,0.8643744030563515,0.1165234001910219,,K.R. Pura,CAR,K.R. Pura area,0.0896618207221046,0.3602904851299279,0.6572285990403688,0.4620689655172413,0.9444444444444444,0.573730093433342,0.1165234001910219,0.4064803774670918,50.9,18.6,14.1,HIGH,Evening + night (7pm–midnight),Weekday-uniform,50.9,HIGH,73.6,3438.0,1477.0,0.0,0.0,44.4,MEDIUM,False,False,General
53,1214,12.99558464940739,77.69569792034075,3483.1017,2.869111779242175,0.8290774299835255,0.6976935749588138,0.6589785831960461,85,23,0.2808896210873147,0.7742998352553542,0.6367380560131796,0.4308072487644152,,Mahadevapura,PASSENGER AUTO,Mahadevapura area,0.1482492854260133,0.4300383051590232,0.6069122076757356,0.5379310344827586,1.0,0.3211692273966265,0.4308072487644152,0.434364302903315,57.3,20.7,14.3,HIGH,Evening + night (7pm–midnight),Weekend-heavy,57.3,HIGH,69.8,2355.0,177.0,0.0,1.0,61.2,HIGH,False,True,Event venue
54,792,12.96080796697073,77.52824728073074,611.4554999999999,0.7720397727272726,0.3429292929292928,0.5643939393939394,0.1325757575757575,21,10,0.2613636363636363,0.8396464646464646,0.5277777777777778,0.1136363636363636,Attiguppe Circle,Byatarayanapura,SCOOTER,Attiguppe Circle,0.0210299301710945,0.0348932676518883,0.4335832436793975,0.096551724137931,0.2777777777777778,0.3433600919203819,0.1136363636363636,0.158858819523345,2.6,8.6,37.7,LOW,Mixed / daytime,Weekday-uniform,2.6,LOW,56.4,5245.0,6320.0,0.0,0.0,0.0,LOW,False,False,General
55,268,12.91276690597015,77.58597130186567,626.178,2.3364850746268657,0.7313432835820896,0.7052238805970149,0.2574626865671642,76,22,0.5746268656716418,0.9514925373134328,0.3432835820895522,0.1417910447761194,"9th Cross, 24th Main, JP Nagar",J.P. Nagar,CAR,"9th Cross, 24th Main, JP Nagar",0.0216821647526876,0.3505992206455408,0.6167038329064735,0.4758620689655172,0.9444444444444444,0.701379348399721,0.1417910447761194,0.3946513493266585,48.7,18.3,3.5,MEDIUM,Evening + night (7pm–midnight),Weekday-uniform,48.7,MEDIUM,70.5,4883.0,1768.0,0.0,0.0,42.3,MEDIUM,False,False,General
56,191,12.917162589005237,77.59608047696335,655.3614,3.4312115183246075,0.694240837696335,0.8743455497382199,0.7015706806282722,37,17,0.418848167539267,0.7591623036649214,0.7120418848167539,0.7958115183246073,"East End Main Road, Jayanagar",Jayanagara,CAR,"East End Main Road, Jayanagar",0.0229750445413421,0.3204420601965285,0.8366120387868272,0.2068965517241379,0.6666666666666666,0.4392083657325046,0.7958115183246073,0.3618631901246741,36.8,17.4,5.2,MEDIUM,Late night (11pm–4am),Weekend-heavy,36.8,MEDIUM,87.4,3814.0,620.0,0.0,0.4755799989770126,36.7,MEDIUM,False,False,General
57,470,12.95731867692366,77.51880952398622,1261.836,2.6847574468085105,0.6551063829787234,0.4297872340425532,0.3617021276595745,78,21,0.5425531914893617,0.8872340425531915,0.4574468085106383,0.3404255319148936,,Byatarayanapura,SCOOTER,Byatarayanapura area,0.0498430158083055,0.2886332669531495,0.2585547022535566,0.4896551724137931,0.8888888888888888,0.6322243915426086,0.3404255319148936,0.339611980624461,37.9,16.4,6.0,MEDIUM,Mixed / daytime,Weekday-uniform,37.9,MEDIUM,43.0,6339.0,7184.0,0.0,0.0,32.3,MEDIUM,False,False,General
58,410,13.034539340731708,77.6244602904878,1569.6912,3.82851512195122,1.3175609756097562,0.9195121951219511,0.5390243902439025,39,16,0.4780487804878048,0.8951219512195122,0.9219512195121952,0.0170731707317073,,K.G. Halli,CAR,K.G. Halli area,0.0634815831415216,0.8270815811606392,0.8953420406985134,0.2206896551724138,0.6111111111111112,0.5775321603547143,0.0170731707317073,0.4302294521803594,59.5,32.9,10.5,HIGH,Late night (11pm–4am),Weekday-uniform,59.5,HIGH,92.0,2954.0,890.0,0.0,0.1379437224222406,54.4,HIGH,False,False,General
59,915,13.047553492240436,77.57581243322404,998.5095,1.091267213114754,0.5679781420765028,0.8841530054644808,0.2579234972677595,93,23,0.2087431693989071,0.360655737704918,0.6076502732240437,0.0710382513661202,,Kodigehalli,SCOOTER,Kodigehalli area,0.0381771540626858,0.2178147460227732,0.8493646328450868,0.593103448275862,1.0,0.0,0.0710382513661202,0.36404748285867,50.5,14.2,9.8,HIGH,Late night (11pm–4am),Weekday-uniform,50.5,HIGH,88.4,2334.0,3035.0,0.0,0.0,44.5,MEDIUM,False,False,General
60,124,12.903787380541688,77.70389973828742,242.055,1.952056451612903,0.7895161290322581,0.5,0.3064516129032258,49,20,0.6129032258064516,0.8790322580645161,0.0725806451612903,0.0,,Bellandur,CAR,Bellandur area,0.0046647897018944,0.3978825679326236,0.3498520710059171,0.2896551724137931,0.8333333333333334,0.6921197894574058,0.0,0.3095532208924923,33.9,19.7,2.5,MEDIUM,Mixed / daytime,Weekday-uniform,33.9,MEDIUM,50.0,5068.0,3159.0,0.0,0.0,28.5,MEDIUM,False,False,General
61,513,12.95753245098946,77.58120586207879,1027.0674,2.0020807017543856,0.7690058479532164,0.9064327485380116,0.3255360623781676,95,22,0.3937621832358674,0.8440545808966862,0.6335282651072125,0.0994152046783625,JC Road Junction,City Market,SCOOTER,JC Road Junction,0.0394423230188874,0.3812116498141906,0.8783348904806395,0.6068965517241379,0.9444444444444444,0.4682954925257763,0.0994152046783625,0.4380439146394516,60.7,19.2,5.4,HIGH,Late night (11pm–4am),Weekday-uniform,60.7,HIGH,90.6,2026.0,1782.0,0.0,0.0,53.8,HIGH,False,False,General
62,355,12.992111913478666,77.55670899268787,586.65,1.6525352112676055,0.6633802816901408,0.7549295774647887,0.1774647887323943,58,22,0.647887323943662,0.7605633802816901,0.8901408450704226,0.0422535211267605,Prakash Nagar Junction,Rajajinagar,SCOOTER,Prakash Nagar Junction,0.0199309996284754,0.2953583570387844,0.681335944662055,0.3517241379310344,0.9444444444444444,0.6515060597731807,0.0422535211267605,0.3669497923114242,42.5,16.6,6.1,MEDIUM,Evening + night (7pm–midnight),Weekday-uniform,42.5,MEDIUM,75.5,2462.0,2079.0,0.0,0.0,36.4,MEDIUM,False,False,General
63,159,12.99198722327044,77.65250409119497,660.1800000000001,4.152075471698113,0.6628930817610064,0.9433962264150944,0.1761006289308176,9,7,0.7924528301886793,0.9685534591194968,0.0,0.9182389937106918,,Banaswadi,CAR,Banaswadi area,0.0231885176304822,0.2949623570963845,0.9263983476610472,0.0137931034482758,0.1111111111111111,0.9129631820426082,0.9182389937106918,0.3405490055209073,24.3,16.6,17.7,LOW,Late night (11pm–4am),Weekday-uniform,24.3,LOW,94.3,1678.0,1678.0,0.0,0.0,20.2,LOW,False,False,General
64,196,12.987431872867525,77.61868014440753,368.07,1.877908163265306,0.688265306122449,0.8163265306122449,0.1326530612244898,59,21,0.2959183673469387,0.6581632653061225,0.4693877551020408,0.1020408163265306,,Pulikeshinagar(F.Town),CAR,Pulikeshinagar(F.Town) area,0.0102474924221837,0.3155851010354881,0.761170148532786,0.3586206896551724,0.8888888888888888,0.2635692604303614,0.1020408163265306,0.3387284943584236,41.9,17.2,3.3,MEDIUM,Evening + night (7pm–midnight),Weekday-uniform,41.9,MEDIUM,81.6,1170.0,2287.0,0.0331900002093554,0.0,36.7,MEDIUM,False,False,General
65,1539,12.996274881897362,77.66856581840885,7894.5162,5.1296401559454194,1.0432748538011696,0.806367771280052,0.276803118908382,133,23,0.4015594541910331,0.8784925276153346,0.7335932423651722,0.764782326185835,,Mahadevapura,SCOOTER,Mahadevapura area,0.3436832871676624,0.6041396594935615,0.7482208150224343,0.8689655172413793,1.0,0.4966875263876891,0.764782326185835,0.6242117538619656,89.4,26.1,11.6,CRITICAL,Evening + night (7pm–midnight),Weekday-uniform,89.4,CRITICAL,80.6,2258.0,2258.0,0.0,0.0,80.7,CRITICAL,False,False,General
66,176,12.90681249214536,77.69665808928693,305.757,1.737255681818182,0.734659090909091,0.8011363636363636,0.3011363636363636,29,16,0.5568181818181818,0.875,0.7784090909090909,0.0170454545454545,,Bellandur,SCOOTER,Bellandur area,0.0074869087249303,0.3532943349753695,0.7414184373318987,0.1517241379310344,0.6111111111111112,0.6378638247239535,0.0170454545454545,0.3149613754640037,32.2,18.4,6.1,MEDIUM,Evening + night (7pm–midnight),Weekday-uniform,32.2,MEDIUM,80.1,4788.0,2312.0,0.0,0.0,27.1,MEDIUM,False,False,General
67,303,12.840509855054815,77.67681980751944,617.1975,2.0369554455445544,0.5260726072607261,0.6072607260726073,0.2079207920792079,38,19,0.3894389438943894,0.7392739273927392,0.3168316831683168,0.4389438943894389,,Electronic City,SCOOTER,Electronic City area,0.0212843116258411,0.1837535970345803,0.4893227488429316,0.2137931034482758,0.7777777777777778,0.3998196557328903,0.4389438943894389,0.2791226489571592,23.9,13.2,8.0,LOW,Evening + night (7pm–midnight),Weekday-uniform,23.9,LOW,60.7,3492.0,7950.0,0.0,0.0,19.4,LOW,False,False,General
68,567,12.986496026019449,77.57940453566842,1573.245,2.7746825396825394,0.9052910052910051,0.8712522045855379,0.345679012345679,113,22,0.6014109347442681,0.8571428571428571,0.0634920634920634,0.0828924162257495,Shivananda Circle,High ground,CAR,Shivananda Circle,0.0636390231996684,0.4919852998670732,0.832589774897467,0.7310344827586207,0.9444444444444444,0.6680394490613468,0.0828924162257495,0.4928261507502413,71.2,22.6,5.0,HIGH,Late night (11pm–4am),Weekday-uniform,71.2,HIGH,87.1,1107.0,1618.0,0.103694064464329,0.0,65.0,HIGH,False,False,General
69,181,13.050883154143648,77.5526208403315,475.374,2.626375690607735,0.6060773480662983,0.9723756906077348,0.1049723756906077,50,21,0.4198895027624309,0.8729281767955801,0.0165745856353591,0.3535911602209944,,Jalahalli,SCOOTER,Jalahalli area,0.015001262470971,0.2487820809405873,0.964080224917454,0.296551724137931,0.8888888888888888,0.5101842919983363,0.3535911602209944,0.3884993593404593,43.7,15.2,3.6,MEDIUM,Late night (11pm–4am),Weekday-uniform,43.7,MEDIUM,97.2,4873.0,4472.0,0.0,0.0,37.8,MEDIUM,False,False,General
70,217,12.94781235529954,77.58006362626728,333.87899999999996,1.5386129032258062,0.5769585253456221,0.976958525345622,0.4470046082949309,46,19,0.5161290322580645,0.6912442396313364,0.3456221198156682,0.032258064516129,Lalbagh West Gate,Basavanagudi,SCOOTER,Lalbagh West Gate,0.0087327664871013,0.2251140723252593,0.9700392659449733,0.2689655172413793,0.7777777777777778,0.4872136868287813,0.032258064516129,0.3503497079593345,39.1,14.4,4.7,MEDIUM,Late night (11pm–4am),Weekday-uniform,39.1,MEDIUM,97.7,3014.0,2830.0,0.0,0.0,33.5,MEDIUM,False,False,General
71,131,12.968731395372677,77.7010997397976,407.9658,3.1142427480916033,0.9267175572519084,0.8625954198473282,0.2519083969465648,46,20,0.1603053435114503,0.8244274809160306,0.6259541984732825,0.4809160305343511,,HAL Old Airport,CAR,HAL Old Airport area,0.0120149517816895,0.5094009701801225,0.821333393558878,0.2689655172413793,0.8333333333333334,0.2407028611248974,0.4809160305343511,0.3750088886541044,47.2,23.2,2.8,MEDIUM,Late night (11pm–4am),Weekday-uniform,47.2,MEDIUM,86.3,642.0,642.0,0.6197096414029277,0.4471733465782936,54.9,HIGH,False,False,General
72,224,13.022277794210412,77.6386320896122,280.3905,1.2517433035714285,0.4946428571428571,0.5625,0.3392857142857143,50,20,0.5178571428571429,0.8571428571428571,0.0,0.03125,,Banaswadi,SCOOTER,Banaswadi area,0.0063631248217901,0.158207248416608,0.4311205621301774,0.296551724137931,0.8333333333333334,0.5909075190413637,0.03125,0.2787774528867142,25.8,12.4,4.5,MEDIUM,Mixed / daytime,Weekday-uniform,25.8,MEDIUM,56.2,4637.0,1168.0,0.0,0.0,21.0,LOW,False,False,General
73,951,12.971449421240798,77.59730013922187,2398.5,2.5220820189274447,0.8137749737118822,0.8307045215562566,0.2860147213459516,123,23,0.5457413249211357,0.8117770767613038,0.1703470031545741,0.0599369085173501,Siddalingaiah Circle,Cubbon Park,CAR,Siddalingaiah Circle,0.1001993797717621,0.4176003480909387,0.7798657906034756,0.8,1.0,0.5887292095388725,0.0599369085173501,0.4915495011154455,71.3,20.3,7.7,HIGH,Evening + night (7pm–midnight),Weekday-uniform,71.3,HIGH,83.1,445.0,293.0,0.838718552293962,0.8836764501142743,84.6,CRITICAL,True,True,"Metro zone, Event venue"
74,529,12.97850838913273,77.63984967024595,1222.68,2.3113043478260873,0.5742911153119092,0.8431001890359168,0.3024574669187145,81,22,0.504725897920605,0.8582230623818525,0.3572778827977316,0.3572778827977316,,Jeevanbheemanagar,SCOOTER,Jeevanbheemanagar area,0.0481083309873267,0.2229459804259361,0.7959838256842763,0.5103448275862069,0.9444444444444444,0.5794503164341389,0.3572778827977316,0.4140770645784059,49.7,14.4,6.5,MEDIUM,Evening + night (7pm–midnight),Weekday-uniform,49.7,MEDIUM,84.3,90.0,1188.0,1.0,0.0,57.4,HIGH,True,False,Metro zone
75,486,12.876285460126738,77.595981114608,511.1174999999999,1.051682098765432,0.4656378600823045,0.6296296296296297,0.3230452674897119,56,21,0.1934156378600823,0.6481481481481481,0.360082304526749,0.0205761316872428,,Hulimavu,SCOOTER,Hulimavu area,0.0165847670909184,0.1346317581949765,0.5184089414858646,0.3379310344827586,0.8888888888888888,0.162781212659558,0.0205761316872428,0.2598170069910223,27.1,11.6,8.7,MEDIUM,Evening + night (7pm–midnight),Weekday-uniform,27.1,MEDIUM,63.0,3838.0,4484.0,0.0,0.0,22.4,LOW,False,False,General
76,289,12.996582956839315,77.58432942881916,908.232,3.1426712802768164,0.950173010380623,0.9307958477508652,0.314878892733564,74,21,0.6401384083044983,0.9065743944636678,0.0034602076124567,0.2006920415224913,Windsor Circle,Sheshadripuram,CAR,Windsor Circle,0.0341776901510013,0.5284657473537083,0.9100141274748677,0.4620689655172413,0.8888888888888888,0.7342118860893824,0.2006920415224913,0.4676803126711246,62.4,23.8,3.9,HIGH,Late night (11pm–4am),Weekday-uniform,62.4,HIGH,93.1,672.0,1385.0,0.5868473939654986,0.0,63.5,HIGH,False,False,General
77,1098,12.971761308260929,77.658073261776,2106.948,1.918896174863388,0.5606557377049181,0.8387978142076503,0.250455373406193,102,22,0.6721311475409836,0.9335154826958104,0.4872495446265938,0.2067395264116575,,Jeevanbheemanagar,SCOOTER,Jeevanbheemanagar area,0.0872830750183137,0.2118630380360171,0.7903894655155689,0.6551724137931034,0.9444444444444444,0.7803259768848922,0.2067395264116575,0.4576126785607141,57.4,14.0,10.8,HIGH,Evening + night (7pm–midnight),Weekday-uniform,57.4,HIGH,83.9,554.0,989.0,0.7175287361630993,0.0140618834116973,60.6,HIGH,False,False,General
78,665,13.03016671341552,77.53718639700472,2069.1729,3.111538195488722,0.8548872180451128,0.9022556390977444,0.3774436090225564,118,23,0.5473684210526316,0.8345864661654135,0.562406015037594,0.4255639097744361,,Yeshwanthpura,CAR,Yeshwanthpura area,0.085609566677805,0.4510167043223823,0.8729034123770966,0.7655172413793103,1.0,0.6042687701879998,0.4255639097744361,0.5208035462226817,73.7,21.4,5.6,HIGH,Late night (11pm–4am),Weekday-uniform,73.7,HIGH,90.2,6391.0,2965.0,0.0,0.0,65.9,HIGH,False,False,General
79,553,13.0182437278481,77.5316241198915,2110.3635,3.8162088607594935,1.1367088607594935,0.7414104882459313,0.2206148282097649,95,23,0.488245931283906,0.7613019891500904,0.6347197106690777,0.3074141048824593,,Rajajinagar,CAR,Rajajinagar area,0.0874343881250164,0.6800835567749579,0.6637571289470022,0.6068965517241379,1.0,0.5045891068580843,0.3074141048824593,0.4846705179843511,70.7,28.4,5.8,HIGH,Evening + night (7pm–midnight),Weekday-uniform,70.7,HIGH,74.1,6435.0,2768.0,0.0,0.0,63.2,HIGH,False,False,General
80,893,12.938522277556846,77.58448338540599,931.1745,1.042748600223964,0.4275475923852184,0.631578947368421,0.4389697648376259,101,23,0.3628219484882419,0.7793952967525196,0.458006718924972,0.0425531914893617,"9th Cross, 4th Main, Jayanagar",Wilson Garden,SCOOTER,"9th Cross, 4th Main, Jayanagar",0.0351940862717824,0.1036716883919263,0.5209436312675179,0.6482758620689655,1.0,0.3999402033299091,0.0425531914893617,0.3436135830482552,42.6,10.7,8.8,MEDIUM,Evening + night (7pm–midnight),Weekday-uniform,42.6,MEDIUM,63.2,3808.0,2729.0,0.0,0.0,36.7,MEDIUM,False,False,General
81,888,12.90656532153235,77.62999117922794,1769.1509999999998,1.992287162162162,0.7556306306306306,0.4831081081081081,0.3051801801801801,106,22,0.420045045045045,0.8648648648648649,0.7578828828828829,0.1655405405405405,,HSR Layout,SCOOTER,HSR Layout area,0.0723180293427546,0.3703401677539609,0.3278876139453062,0.6827586206896552,0.9444444444444444,0.505365496958302,0.1655405405405405,0.3821013903284664,51.3,18.9,8.4,HIGH,Mixed / daytime,Weekday-uniform,51.3,HIGH,48.3,549.0,432.0,0.7237795288899234,0.7102151792801681,62.7,HIGH,False,True,Event venue
82,309,12.926670897874898,77.550777687239,386.0145,1.2492378640776698,0.4588996763754046,0.8090614886731392,0.1715210355987055,42,19,0.3624595469255663,0.6051779935275081,0.4919093851132686,0.1035598705501618,Katriguppe Junction,Banashankari,SCOOTER,Katriguppe Junction,0.0110424676946849,0.1291549093691712,0.7517234445912563,0.2413793103448276,0.7777777777777778,0.2923875666062612,0.1035598705501618,0.2838459179201058,27.6,11.5,7.4,MEDIUM,Evening + night (7pm–midnight),Weekday-uniform,27.6,MEDIUM,80.9,6149.0,5493.0,0.0,0.0,22.9,LOW,False,False,General
83,205,12.911355959024393,77.5734248902439,415.737,2.027985365853658,0.802439024390244,0.8878048780487805,0.3463414634146341,59,21,0.4975609756097561,0.8682926829268293,0.5560975609756098,0.0780487804878048,"9th Cross, Kanakapura Road",J.P. Nagar,GOODS AUTO,"9th Cross, Kanakapura Road",0.0123592306324606,0.4083863991349273,0.8541131476403521,0.3586206896551724,0.8888888888888888,0.5790332026121339,0.0780487804878048,0.3975704528287985,50.0,20.1,3.5,HIGH,Late night (11pm–4am),Weekday-uniform,50.0,HIGH,88.8,6240.0,3133.0,0.0,0.0,43.6,MEDIUM,False,False,General
84,278,12.95868414676259,77.6680653208633,375.075,1.3491906474820143,0.5881294964028777,0.9028776978417268,0.7410071942446043,24,14,0.3525179856115107,0.9100719424460432,0.8920863309352518,0.0431654676258992,,HAL Old Airport,SCOOTER,HAL Old Airport area,0.010557827164521,0.2341939256476592,0.8737122727853219,0.1172413793103448,0.5,0.470850171426311,0.0431654676258992,0.2861827753347812,26.4,14.7,11.6,MEDIUM,Late night (11pm–4am),Weekend-heavy,26.4,MEDIUM,90.3,1934.0,1714.0,0.0,0.0,21.9,LOW,False,False,General
85,569,12.908043853427063,77.60082454200351,590.0985,1.037079964850615,0.3906854130052724,0.8558875219683656,0.3690685413005272,55,20,0.140597539543058,0.8998242530755711,0.5500878734622144,0.0685413005272407,GD Mara Junction,Mico Layout,SCOOTER,GD Mara Junction,0.0200837746975618,0.0737098184525613,0.8126111417310551,0.3310344827586207,0.8333333333333334,0.2689110133366837,0.0685413005272407,0.3022799485439679,31.5,9.8,10.3,MEDIUM,Late night (11pm–4am),Weekday-uniform,31.5,MEDIUM,85.6,3292.0,914.0,0.0,0.1070225665755841,27.6,MEDIUM,False,False,General
86,289,12.875945892041525,77.64784764913495,839.4465,2.904659169550173,1.3311418685121106,0.8512110726643599,0.3875432525951557,48,18,0.4359861591695502,0.8512110726643599,0.9757785467128028,0.0069204152249134,,Hulimavu,CAR,Hulimavu area,0.0311303624680551,0.8381202379531933,0.806530374070965,0.2827586206896552,0.7222222222222222,0.5116784759885453,0.0069204152249134,0.422186584229811,60.6,33.3,6.0,HIGH,Late night (11pm–4am),Weekday-uniform,60.6,HIGH,85.1,1549.0,3852.0,0.0,0.0,54.0,HIGH,False,False,General
87,372,12.95150688743336,77.71746924619161,1463.481,3.934088709677419,0.846236559139785,0.9032258064516128,0.2311827956989247,43,16,0.1801075268817204,0.8440860215053764,0.803763440860215,0.8655913978494624,,Whitefield,SCOOTER,Whitefield area,0.0587762705004672,0.4439853805815987,0.874164916968887,0.2482758620689655,0.6111111111111112,0.271081471311045,0.8655913978494624,0.3840956332277465,43.7,21.2,8.7,MEDIUM,Late night (11pm–4am),Weekday-uniform,43.7,MEDIUM,90.3,2452.0,1721.0,0.0,0.0,38.5,MEDIUM,False,False,General
88,172,12.917346903488372,77.57828030290698,463.0875,2.6923691860465113,0.8209302325581395,0.9011627906976744,0.2558139534883721,58,19,0.5232558139534884,0.872093023255814,0.1104651162790697,0.1744186046511628,"Rajalakshmi Kalyana Mantapa, JP Nagar",Jayanagara,CAR,"Rajalakshmi Kalyana Mantapa, JP Nagar",0.0144569472944219,0.4234161988773055,0.8714823861290767,0.3517241379310344,0.7777777777777778,0.6050919943601274,0.1744186046511628,0.3983384000752877,49.3,20.5,3.0,MEDIUM,Late night (11pm–4am),Weekday-uniform,49.3,MEDIUM,90.1,5732.0,2480.0,0.0,0.0,43.2,MEDIUM,False,False,General
89,323,12.912075895218257,77.62588913411133,772.797,2.392560371517028,0.9176470588235294,0.6996904024767802,0.2074303405572755,96,23,0.3436532507739938,0.8978328173374613,0.1919504643962848,0.0804953560371517,,HSR Layout,CAR,HSR Layout area,0.0281776636230293,0.502028397565923,0.609508674226464,0.6137931034482759,1.0,0.4551344793147239,0.0804953560371517,0.4167910411063381,59.8,22.9,3.4,HIGH,Evening + night (7pm–midnight),Weekday-uniform,59.8,HIGH,70.0,559.0,906.0,0.7122129790721656,0.1174573019896816,64.2,HIGH,False,False,General
90,596,12.978251710067116,77.59105862684564,1151.526,1.9320906040268455,0.637248322147651,0.929530201342282,0.3976510067114094,82,22,0.4312080536912752,0.6577181208053692,0.1895973154362416,0.1174496644295302,Gopal Gowda Circle,Cubbon Park,CAR,Gopal Gowda Circle,0.0449560742769393,0.2741180943564651,0.9083684126921092,0.5172413793103449,0.9444444444444444,0.3881867611012555,0.1174496644295302,0.4075816090129661,53.1,15.9,7.3,HIGH,Late night (11pm–4am),Weekday-uniform,53.1,HIGH,93.0,29.0,61.0,1.0,1.0,71.2,HIGH,True,True,"Metro zone, Event venue"
91,502,12.870563414599102,77.6545270594372,737.6235,1.4693695219123506,0.6904382470119522,0.5737051792828686,0.2529880478087649,65,23,0.099601593625498,0.5577689243027888,0.6175298804780877,0.1095617529880478,,Electronic City,SCOOTER,Electronic City area,0.0266194110806169,0.317351284517104,0.4456906103397063,0.4,1.0,0.0205557791314866,0.1095617529880478,0.2899757731152576,36.7,17.3,7.7,MEDIUM,Mixed / daytime,Weekday-uniform,36.7,MEDIUM,57.4,1394.0,4767.0,0.0,0.0,31.5,MEDIUM,False,False,General
92,130,13.00346267,77.72350343384615,304.317,2.3409,0.4076923076923077,1.0,0.2384615384615384,37,13,0.5076923076923077,0.8769230769230769,1.0,1.0,,K.R. Pura,SCOOTER,K.R. Pura area,0.0074231140027368,0.0875331564986737,1.0,0.2068965517241379,0.4444444444444444,0.5936972308192328,1.0,0.3502055579606105,28.5,10.2,3.5,MEDIUM,Late night (11pm–4am),Weekday-uniform,28.5,MEDIUM,100.0,3366.0,3042.0,0.0,0.0,24.0,LOW,False,False,General
93,463,12.916985845535018,77.57346889213302,869.403,1.8777602591792657,0.6505399568034557,0.8056155507559395,0.2311015118790496,102,22,0.5982721382289417,0.8704103671706264,0.0,0.0885529157667386,"Sahasra Hospital, Jayanagar",Banashankari,SCOOTER,"Sahasra Hospital, Jayanagar",0.0324574920481872,0.2849216397663556,0.7472427057906373,0.6551724137931034,0.9444444444444444,0.673307085557067,0.0885529157667386,0.4290405603054587,56.6,16.3,4.5,HIGH,Evening + night (7pm–midnight),Weekday-uniform,56.6,HIGH,80.6,6255.0,3003.0,0.0,0.0,49.8,MEDIUM,False,False,General
94,212,12.93682530518868,77.60148918207547,672.147,3.1705047169811325,0.7650943396226415,0.9528301886792452,0.2971698113207547,89,23,0.4056603773584906,0.7028301886792453,0.6132075471698113,0.4481132075471698,Dairy Circle,Mico Layout,SCOOTER,Dairy Circle,0.0237186783530446,0.3780323450134771,0.9386652897175392,0.5655172413793104,1.0,0.3923658532035968,0.4481132075471698,0.4510900806201805,60.8,19.1,2.4,HIGH,Late night (11pm–4am),Weekday-uniform,60.8,HIGH,95.3,3238.0,1872.0,0.0,0.0,54.0,HIGH,False,False,General
95,149,13.0008620147651,77.59598295637585,355.941,2.3888657718120805,0.8436241610738255,0.912751677852349,0.046979865771812,21,11,0.8926174496644296,0.959731543624161,0.0,0.087248322147651,,R.T. Nagar,CAR,R.T. Nagar area,0.0097101547933746,0.4418620028432572,0.8865513680949922,0.096551724137931,0.3333333333333333,1.0,0.087248322147651,0.3543535601401553,35.1,21.1,7.1,MEDIUM,Late night (11pm–4am),Weekday-uniform,35.1,MEDIUM,91.3,492.0,295.0,0.7865157855803381,0.8808313091835672,50.2,HIGH,True,True,"Metro zone, Event venue"
96,697,12.971905549435572,77.71177932197439,2319.8031,3.32826843615495,1.16025824964132,0.8723098995695839,0.2682926829268293,86,22,0.4031563845050215,0.8350071736011477,0.6757532281205165,0.2065997130559541,,HAL Old Airport,CAR,HAL Old Airport area,0.0967129583321848,0.6992246856690533,0.8339650913042371,0.5448275862068965,0.9444444444444444,0.4713996430948121,0.2065997130559541,0.4926308863834068,72.1,29.0,8.1,HIGH,Late night (11pm–4am),Weekday-uniform,72.1,HIGH,87.2,241.0,1224.0,1.0,0.0,78.6,CRITICAL,True,False,Metro zone
97,472,12.979162441188606,77.6951716379166,3018.6864,6.395522033898305,1.211228813559322,0.9385593220338984,0.1165254237288135,83,19,0.5360169491525424,0.7690677966101694,0.1101694915254237,0.4300847457627119,,Mahadevapura,MAXI-CAB,Mahadevapura area,0.1276748096996791,0.7406539617600402,0.9201089409286932,0.5241379310344828,0.7777777777777778,0.553467781621888,0.4300847457627119,0.5206663611964883,74.3,30.3,5.7,HIGH,Late night (11pm–4am),Weekday-uniform,74.3,HIGH,93.9,678.0,800.0,0.5800652164287008,0.2494444793659073,77.5,CRITICAL,False,False,General
98,266,13.039906664661654,77.51857583646616,967.281,3.6363947368421057,1.0973684210526315,0.793233082706767,0.3195488721804511,65,22,0.5827067669172933,0.8872180451127819,0.018796992481203,0.1954887218045112,,Peenya,PASSENGER AUTO,Peenya area,0.0367936724779494,0.6481073373087892,0.7311418338746273,0.4,0.9444444444444444,0.6692819575854849,0.1954887218045112,0.4490725537141158,60.9,27.4,4.1,HIGH,Evening + night (7pm–midnight),Weekday-uniform,60.9,HIGH,79.3,8533.0,5188.0,0.0,0.0,53.9,HIGH,False,False,General
99,320,12.912986653657654,77.67965354866517,642.2274,2.006960625,0.7221875,0.759375,0.421875,93,23,0.60625,0.8875,0.384375,0.0375,,Bellandur,CAR,Bellandur area,0.0223931835126687,0.3431573275862069,0.6871163091715975,0.593103448275862,1.0,0.6911892037837032,0.0375,0.4212184381872209,55.6,18.1,3.4,HIGH,Evening + night (7pm–midnight),Weekday-uniform,55.6,HIGH,75.9,3925.0,411.0,0.0,0.7363748445709135,56.5,HIGH,False,True,Event venue
100,841,12.988647457737756,77.53769413876705,1291.3545,1.535498810939358,0.6539833531510107,0.7574316290130797,0.2829964328180737,92,23,0.3186682520808561,0.816884661117717,0.8109393579072532,0.0998810939357907,Havanur Circle,Vijayanagara,CAR,Havanur Circle,0.0511507411604371,0.2877204594577181,0.6845893519267706,0.5862068965517241,1.0,0.3822520956382651,0.0998810939357907,0.3923419927991791,52.1,16.3,9.1,HIGH,Evening + night (7pm–midnight),Weekday-uniform,52.1,HIGH,75.7,4090.0,3162.0,0.0,0.0,45.6,MEDIUM,False,False,General
101,155,12.922076693170576,77.5811007061874,180.258,1.1629548387096773,0.4303225806451613,0.9419354838709676,0.3806451612903225,40,19,0.3806451612903225,0.8129032258064516,0.0451612903225806,0.0580645161290322,"36th Cross, 4th Main, Jayanagar",Jayanagara,SCOOTER,"36th Cross, 4th Main, Jayanagar",0.0019270657800936,0.1059272207214365,0.9244989501813324,0.2275862068965517,0.7777777777777778,0.437015236773049,0.0580645161290322,0.3136625036654605,30.9,10.8,3.9,MEDIUM,Late night (11pm–4am),Weekday-uniform,30.9,MEDIUM,94.2,5409.0,2169.0,0.0,0.0,25.9,MEDIUM,False,False,General
102,106,13.060302249081568,77.57654389501667,205.9287,1.9427235849056603,1.0,0.8113207547169812,0.320754716981132,45,21,0.2735849056603773,0.4811320754716981,0.7924528301886793,0.1037735849056603,,Kodigehalli,CAR,Kodigehalli area,0.0030643263182973,0.5689655172413793,0.7546611588701575,0.2620689655172414,0.8888888888888888,0.1340024948392548,0.1037735849056603,0.3462514617579034,47.0,25.0,2.4,MEDIUM,Evening + night (7pm–midnight),Weekday-uniform,47.0,MEDIUM,81.1,2811.0,4061.0,0.0,0.0,41.3,MEDIUM,False,False,General
103,442,12.941647436783386,77.56692519291353,881.3444999999999,1.9939920814479637,0.7608597285067874,0.9638009049773756,0.3190045248868778,88,22,0.4592760180995475,0.7828054298642534,0.248868778280543,0.0226244343891402,Vanivillas Junction,Basavanagudi,CAR,Vanivillas Junction,0.0329865230725441,0.3745904197222656,0.9529304666791611,0.5586206896551724,0.9444444444444444,0.4910795975784013,0.0226244343891402,0.4375008192519947,60.1,19.0,5.0,HIGH,Late night (11pm–4am),Weekday-uniform,60.1,HIGH,96.4,4030.0,4097.0,0.0,0.0,53.1,HIGH,False,False,General
104,228,12.968505103508772,77.59266510877193,655.077,2.8731447368421055,1.0280701754385966,0.7675438596491229,0.4912280701754385,57,20,0.2982456140350877,0.8771929824561403,0.1622807017543859,0.1491228070175438,RRMR Junction,Halasuru Gate,CAR,RRMR Junction,0.0229624450837089,0.5917811770806327,0.6977382435378388,0.3448275862068966,0.8333333333333334,0.4005145102779699,0.1491228070175438,0.3828817092609254,51.5,25.7,4.0,HIGH,Evening + night (7pm–midnight),Weekday-uniform,51.5,HIGH,76.8,360.0,403.0,0.9333852504759622,0.746282732400358,66.3,HIGH,True,True,"Metro zone, Event venue"
105,383,12.93090864543081,77.60664127624021,403.9575,1.054719321148825,0.3845953002610965,0.7963446475195822,0.2140992167101827,78,18,0.5143603133159269,0.660574412532637,0.6527415143603134,0.0600522193211488,Hosur-Tavarkere Road Junction,Mico Layout,SCOOTER,Hosur-Tavarkere Road Junction,0.0118373765143504,0.0687597268132065,0.7351877887125927,0.4896551724137931,0.7222222222222222,0.4667058602102993,0.0600522193211488,0.3194870353545536,35.1,9.6,4.9,MEDIUM,Evening + night (7pm–midnight),Weekday-uniform,35.1,MEDIUM,79.6,2640.0,1358.0,0.0,0.0,29.9,MEDIUM,False,False,General
106,151,13.05426621589404,77.59281227682119,180.297,1.194019867549669,0.4675496688741721,0.7218543046357616,0.6225165562913907,20,13,0.7549668874172185,0.8278145695364238,0.7350993377483444,0.0596026490066225,,Kodigehalli,SCOOTER,Kodigehalli area,0.0019287935538197,0.1361856914494502,0.6383283044006426,0.0896551724137931,0.4444444444444444,0.7917438133688505,0.0596026490066225,0.2568029715373894,16.4,11.7,7.6,LOW,Evening + night (7pm–midnight),Weekend-heavy,16.4,LOW,72.2,1135.0,2769.0,0.0725590294951318,0.0,13.4,LOW,False,False,General
107,264,13.058405433454569,77.59224133538115,588.2624999999999,2.2282670454545452,0.9848484848484848,0.5795454545454546,0.3257575757575757,80,23,0.3484848484848485,0.5340909090909091,0.5909090909090909,0.0606060606060606,,Kodigehalli,CAR,Kodigehalli area,0.0200024364267651,0.5566502463054187,0.4532846960731576,0.503448275862069,1.0,0.2357380154209237,0.0606060606060606,0.3596123182365217,51.9,24.6,3.3,HIGH,Mixed / daytime,Weekday-uniform,51.9,HIGH,58.0,1584.0,3233.0,0.0,0.0,45.8,MEDIUM,False,False,General
108,319,12.928995682758622,77.60946158965517,2005.824,6.287849529780565,1.1489028213166144,0.6990595611285266,0.1661442006269592,85,21,0.6927899686520376,0.9373040752351096,0.786833855799373,0.6551724137931034,Madiwala Check Post,Mico Layout,CAR,Madiwala Check Post,0.0828030906522736,0.6899949040258195,0.6086883938342823,0.5379310344827586,0.8888888888888888,0.8017285847967622,0.6551724137931034,0.5021534451053314,67.5,28.7,3.8,HIGH,Evening + night (7pm–midnight),Weekday-uniform,67.5,HIGH,69.9,2349.0,1357.0,0.0,0.0,60.1,HIGH,False,False,General
109,211,12.934971222748816,77.53651782701421,259.152,1.2282085308056871,0.3592417061611374,0.995260663507109,0.0616113744075829,35,16,0.8293838862559242,0.995260663507109,0.981042654028436,0.0473933649289099,,Banashankari,SCOOTER,Banashankari area,0.0054222191222712,0.0481521256974762,0.9938374603886816,0.193103448275862,0.6111111111111112,0.9634920970089416,0.0473933649289099,0.3467206099494351,29.7,9.0,6.0,MEDIUM,Late night (11pm–4am),Weekday-uniform,29.7,MEDIUM,99.5,6189.0,6971.0,0.0,0.0,24.4,LOW,False,False,General
110,144,13.036484981944444,77.57458536875,155.8605,1.0823645833333333,0.5861111111111111,0.8194444444444444,0.1111111111111111,25,12,0.1319444444444444,0.5972222222222222,0.4722222222222222,0.0416666666666666,,Kodigehalli,MOTOR CYCLE,Kodigehalli area,0.0008462104087628,0.2325533661740558,0.7652243589743589,0.1241379310344827,0.3888888888888889,0.0746934280237199,0.0416666666666666,0.2169827765746576,19.2,14.7,5.8,LOW,Evening + night (7pm–midnight),Weekday-uniform,19.2,LOW,81.9,2454.0,2543.0,0.0,0.0,15.7,LOW,False,False,General
111,202,12.935980824257426,77.6071820559406,971.64,4.81009900990099,0.955940594059406,0.8960396039603961,0.193069306930693,56,21,0.6782178217821783,0.8514851485148515,0.693069306930693,0.5742574257425742,Hosur-Tavarkere Road Junction,Mico Layout,CAR,Hosur-Tavarkere Road Junction,0.036986784418256,0.5331536848266107,0.8648207276348936,0.3379310344827586,0.8888888888888888,0.7354611261811418,0.5742574257425742,0.462629725161248,57.1,23.9,3.6,HIGH,Late night (11pm–4am),Weekday-uniform,57.1,HIGH,89.6,2631.0,1888.0,0.0,0.0,50.3,HIGH,False,False,General
112,216,13.121567045092592,77.63111682800925,1021.6284,4.729761111111111,1.0791666666666666,0.7129629629629629,0.3796296296296296,43,21,0.7361111111111112,0.9629629629629628,0.1064814814814814,0.4537037037037037,,Chikkajala,CAR,Chikkajala area,0.0392013650369356,0.6333128078817734,0.6267669296515449,0.2482758620689655,0.8888888888888888,0.8575112877120176,0.4537037037037037,0.4353389522966991,52.4,27.0,5.0,HIGH,Evening + night (7pm–midnight),Weekday-uniform,52.4,HIGH,71.3,9273.0,10215.0,0.0,0.0,45.8,MEDIUM,False,False,General
113,161,12.919630054658386,77.58446858012422,386.394,2.3999627329192545,0.8770186335403726,0.8136645962732919,0.3043478260869565,72,22,0.484472049689441,0.8012422360248447,0.2732919254658385,0.0807453416149068,"Aurobindo Circle, ORR",Jayanagara,CAR,"Aurobindo Circle, ORR",0.0110592802620963,0.4690052932717314,0.7577088463376087,0.4482758620689655,0.9444444444444444,0.5256856013888119,0.0807453416149068,0.4056165559944458,54.3,21.9,2.2,HIGH,Evening + night (7pm–midnight),Weekday-uniform,54.3,HIGH,81.4,5047.0,1792.0,0.0,0.0,47.7,MEDIUM,False,False,General
114,112,12.92328662309788,77.651462141205,309.873,2.7667232142857143,0.8821428571428571,0.8392857142857143,0.4196428571428571,42,20,0.75,0.8928571428571429,0.0803571428571428,0.0446428571428571,,HSR Layout,CAR,HSR Layout area,0.0076692553058668,0.4731703026038001,0.7910238799661875,0.2413793103448276,0.8333333333333334,0.827187652954821,0.0446428571428571,0.3964210420149406,46.8,22.1,2.7,MEDIUM,Evening + night (7pm–midnight),Weekday-uniform,46.8,MEDIUM,83.9,2228.0,2666.0,0.0,0.0,40.5,MEDIUM,False,False,General
115,139,12.985020500719424,77.59440431654676,340.206,2.447525179856115,0.8215827338129497,0.9640287769784172,0.2014388489208633,48,23,0.539568345323741,0.7841726618705036,0.1438848920863309,0.079136690647482,Coffee Board Junction,Cubbon Park,CAR,Coffee Board Junction,0.0090130645477391,0.4239465570400823,0.9532267676982674,0.2827586206896552,1.0,0.5660421678230996,0.079136690647482,0.4122547624932065,51.6,20.5,2.9,HIGH,Late night (11pm–4am),Weekday-uniform,51.6,HIGH,96.4,530.0,741.0,0.7448211920570984,0.3238233987920742,58.8,HIGH,False,False,General
116,149,13.099608831543623,77.58843100134229,209.991,1.4093355704697983,0.4523489932885906,0.6711409395973155,0.5033557046979866,30,17,0.6375838926174496,0.9664429530201344,0.8456375838926175,0.0335570469798657,,Yelahanka,SCOOTER,Yelahanka area,0.0032442938877186,0.1238304625252091,0.5723859258965093,0.1586206896551724,0.6666666666666666,0.7686984548298416,0.0335570469798657,0.2744132143764933,20.6,11.3,5.0,LOW,Evening + night (7pm–midnight),Weekday-uniform,20.6,LOW,67.1,6146.0,7829.0,0.0,0.0,16.0,LOW,False,False,General
117,668,12.964385478592815,77.55434001781437,1484.094,2.2216976047904193,0.6137724550898204,0.7664670658682635,0.2425149700598802,113,23,0.5269461077844312,0.8862275449101796,0.7155688622754491,0.2140718562874251,Sirsi Circle,Magadi Road,SCOOTER,Sirsi Circle,0.0596894653675332,0.2550367245803959,0.69633809304468,0.7310344827586207,1.0,0.6171974267139516,0.2140718562874251,0.4426915701535809,58.9,15.3,5.9,HIGH,Evening + night (7pm–midnight),Weekday-uniform,58.9,HIGH,76.6,2533.0,3795.0,0.0,0.0,51.9,HIGH,False,False,General
118,137,12.999058768478768,77.68786671815174,438.12,3.197956204379562,1.0481751824817518,0.9635036496350364,0.2335766423357664,48,18,0.3138686131386861,0.8029197080291971,0.2335766423357664,0.2627737226277372,,Mahadevapura,CAR,Mahadevapura area,0.0133508398455561,0.608122685268419,0.952543946788753,0.2827586206896552,0.7222222222222222,0.3692269384710569,0.2627737226277372,0.4028026420664057,53.7,26.2,2.9,HIGH,Late night (11pm–4am),Weekday-uniform,53.7,HIGH,96.4,2692.0,929.0,0.0,0.089029906764824,48.5,MEDIUM,False,False,General
119,303,12.935989947854786,77.51798927557756,480.6624,1.5863445544554455,0.573927392739274,0.7425742574257426,0.3597359735973597,65,21,0.4323432343234323,0.8877887788778878,0.6468646864686468,0.1056105610561056,,Byatarayanapura,SCOOTER,Byatarayanapura area,0.0152355485882267,0.2226503438521192,0.6652703731911653,0.4,0.8888888888888888,0.5308264626552033,0.1056105610561056,0.3450108353401752,39.3,14.3,4.7,MEDIUM,Evening + night (7pm–midnight),Weekday-uniform,39.3,MEDIUM,74.3,7577.0,8621.0,0.0,0.0,33.6,MEDIUM,False,False,General
120,392,13.027582858656777,77.54264108104591,704.0778,1.796116836734694,0.5533163265306122,0.8341836734693877,0.4260204081632653,79,22,0.4923469387755102,0.9081632653061223,0.3903061224489796,0.1479591836734693,,Yeshwanthpura,MOTOR CYCLE,Yeshwanthpura area,0.0251332731554174,0.2058975067859656,0.7843897174254316,0.496551724137931,0.9444444444444444,0.5987573573773591,0.1479591836734693,0.3922839635648783,47.2,13.8,5.0,MEDIUM,Evening + night (7pm–midnight),Weekday-uniform,47.2,MEDIUM,83.4,5779.0,2362.0,0.0,0.0,40.9,MEDIUM,False,False,General
121,542,12.99641163800738,77.56298601070111,672.8789999999999,1.241474169741697,0.5038745387453875,0.933579335793358,0.2619926199261992,54,21,0.4649446494464944,0.8837638376383764,0.9077490774907748,0.0092250922509225,,Sheshadripuram,SCOOTER,Sheshadripuram area,0.0237511073368263,0.1657108319851671,0.9136334854472804,0.3241379310344827,0.8888888888888888,0.5584451064098145,0.0092250922509225,0.3628423236135039,40.3,12.6,10.0,MEDIUM,Late night (11pm–4am),Weekday-uniform,40.3,MEDIUM,93.4,2416.0,1770.0,0.0,0.0,34.4,MEDIUM,False,False,General
122,194,12.9870154997075,77.51940627623603,199.91699999999997,1.0305,0.3587628865979381,0.7680412371134021,0.2422680412371134,27,16,0.6030927835051546,0.9381443298969072,0.0,0.0670103092783505,,Kamakshipalya,SCOOTER,Kamakshipalya area,0.0027979966437065,0.0477629373825605,0.6983849813944976,0.1379310344827586,0.6111111111111112,0.7194425523306552,0.0670103092783505,0.2698571237901786,18.5,9.0,7.2,LOW,Evening + night (7pm–midnight),Weekday-uniform,18.5,LOW,76.8,5971.0,4766.0,0.0,0.0,14.2,LOW,False,False,General
123,188,12.938235391281482,77.57688524980875,417.36,2.22,0.9574468085106383,0.9148936170212766,0.2925531914893617,48,21,0.3563829787234042,0.7393617021276596,0.8297872340425532,0.0106382978723404,Yediyur Junction,Basavanagudi,CAR,Yediyur Junction,0.0124311326005995,0.5343779478042135,0.8893365227244113,0.2827586206896552,0.8888888888888888,0.3693583583456678,0.0106382978723404,0.3860569430799946,51.4,23.9,3.9,HIGH,Late night (11pm–4am),Weekday-uniform,51.4,HIGH,91.5,4120.0,3308.0,0.0,0.0,45.2,MEDIUM,False,False,General
124,426,12.960974057276996,77.5116737359155,1186.686,2.7856478873239436,0.92981220657277,0.42018779342723,0.3286384976525822,106,23,0.6924882629107981,0.931924882629108,0.6197183098591549,0.0539906103286385,,Jnanabharathi,CAR,Jnanabharathi area,0.0465137287438311,0.5119163255394437,0.2460725893824485,0.6827586206896552,1.0,0.7981395657415277,0.0539906103286385,0.4125797360554661,56.9,23.2,4.0,HIGH,Mixed / daytime,Weekday-uniform,56.9,HIGH,42.0,6951.0,7332.0,0.0,0.0,50.0,HIGH,False,False,General
125,147,12.951227901360545,77.60711706190476,370.374,2.519551020408163,0.8693877551020408,0.7142857142857143,0.2448979591836734,37,16,0.4829931972789115,0.9319727891156464,0.0,0.0272108843537414,Anepalya Junction,Ashok Nagar,CAR,Anepalya Junction,0.0103495639776934,0.4628028551322006,0.628486897717667,0.2068965517241379,0.6111111111111112,0.6047755667682888,0.0272108843537414,0.3207820268850359,36.0,21.7,4.0,MEDIUM,Evening + night (7pm–midnight),Weekday-uniform,36.0,MEDIUM,71.4,2141.0,2541.0,0.0,0.0,30.8,MEDIUM,False,False,General
126,246,13.00882145691057,77.54329294552845,492.3654,2.001485365853658,0.6934959349593496,0.7601626016260162,0.3008130081300813,71,22,0.7154471544715447,0.902439024390244,0.7520325203252033,0.1138211382113821,Mahalaxmi Layout Entrance,Rajajinagar,CAR,Mahalaxmi Layout Entrance,0.0157540136117203,0.3198365973807521,0.6881404243036512,0.4413793103448276,0.9444444444444444,0.8011874567102318,0.1138211382113821,0.4023839009139374,48.2,17.3,3.5,MEDIUM,Evening + night (7pm–midnight),Weekday-uniform,48.2,MEDIUM,76.0,4803.0,1394.0,0.0,0.0,41.7,MEDIUM,False,False,General
127,207,13.0068786705314,77.5797144231884,637.236,3.0784347826086957,0.8884057971014493,0.8695652173913043,0.2222222222222222,48,19,0.3719806763285024,0.8019323671497585,0.0,0.2753623188405797,,Sadashivanagar,CAR,Sadashivanagar area,0.0221720550568654,0.4782608695652174,0.830396192436326,0.2827586206896552,0.7777777777777778,0.4222649293601825,0.2753623188405797,0.3791363555765644,47.0,22.2,4.3,MEDIUM,Late night (11pm–4am),Weekday-uniform,47.0,MEDIUM,87.0,1484.0,1836.0,0.0,0.0,41.1,MEDIUM,False,False,General
128,309,12.978900645954692,77.62865080291263,1819.8627,5.889523300970874,0.8673139158576052,0.964401294498382,0.5339805825242718,76,23,0.511326860841424,0.9514563106796116,0.5339805825242718,0.7993527508090615,,Halasur,CAR,Halasur area,0.0745646535187693,0.4611172222487925,0.9537111506865052,0.4758620689655172,1.0,0.6429222245201673,0.7993527508090615,0.5102328223332229,64.8,21.7,4.1,HIGH,Late night (11pm–4am),Weekday-uniform,64.8,HIGH,96.4,304.0,2398.0,0.9951511594480446,0.0,71.5,HIGH,True,False,Metro zone
129,224,12.974603626339286,77.60478814196428,372.984,1.665107142857143,0.6361607142857143,0.5892857142857143,0.4151785714285714,60,21,0.4464285714285714,0.8303571428571429,0.0580357142857142,0.0178571428571428,Safina Plaza Junction,Cubbon Park,CAR,Safina Plaza Junction,0.0104651919116691,0.2732340781140042,0.4659499154691462,0.3655172413793103,0.8888888888888888,0.5084842165134137,0.0178571428571428,0.3094749105009573,34.7,15.9,3.7,MEDIUM,Mixed / daytime,Weekday-uniform,34.7,MEDIUM,58.9,517.0,447.0,0.7589540240765895,0.6909936155296348,47.2,MEDIUM,False,True,Event venue
130,163,13.047487538957055,77.5004158785276,189.3375,1.161579754601227,0.3987730061349693,0.8588957055214724,0.1656441717791411,18,10,0.6257668711656442,0.7177914110429447,0.0,0.2822085889570552,,Peenya,SCOOTER,Peenya area,0.0023293047940909,0.0802834778929553,0.8165226703452281,0.0758620689655172,0.2777777777777778,0.6047627244969823,0.2822085889570552,0.2489635036941111,14.4,10.0,9.1,LOW,Late night (11pm–4am),Weekday-uniform,14.4,LOW,85.9,10488.0,7273.0,0.0,0.0,10.8,LOW,False,False,General
131,269,13.033836684266332,77.5577422205852,655.428,2.43653531598513,0.6364312267657992,0.966542750929368,0.2936802973977695,36,17,0.4869888475836431,0.9739776951672864,0.9182156133828996,0.5985130111524164,,Yeshwanthpura,SCOOTER,Yeshwanthpura area,0.0229779950472435,0.2734539527899353,0.9564956776137788,0.2,0.6666666666666666,0.6343150823305569,0.5985130111524164,0.3814096685320733,38.5,15.9,7.5,MEDIUM,Late night (11pm–4am),Weekday-uniform,38.5,MEDIUM,96.7,4259.0,2569.0,0.0,0.0,33.0,MEDIUM,False,False,General
132,201,12.949337753731344,77.5975432840796,312.9222,1.5568268656716415,0.7024875621890546,0.7213930348258707,0.2786069651741293,55,19,0.1492537313432835,0.7562189054726368,0.5422885572139303,0.0298507462686567,"10th Cross, Wilson Garden",Wilson Garden,SCOOTER,"10th Cross, Wilson Garden",0.0078043406301116,0.3271450628630247,0.6377285171774265,0.3310344827586207,0.7777777777777778,0.188523243781364,0.0298507462686567,0.2948501510782413,35.7,17.6,3.7,MEDIUM,Evening + night (7pm–midnight),Weekday-uniform,35.7,MEDIUM,72.1,2324.0,2496.0,0.0,0.0,30.7,MEDIUM,False,False,General
133,150,12.897363797134998,77.63487447929552,398.07,2.6538,1.0933333333333333,0.82,0.2733333333333333,34,19,0.54,0.9466666666666668,0.6666666666666666,0.0266666666666666,,HSR Layout,CAR,HSR Layout area,0.0115765491345488,0.6448275862068965,0.7659467455621299,0.1862068965517241,0.7777777777777778,0.6664438967358677,0.0266666666666666,0.3887756497731751,49.1,27.3,4.4,MEDIUM,Evening + night (7pm–midnight),Weekday-uniform,49.1,MEDIUM,82.0,615.0,1128.0,0.6503982983290171,0.0,52.0,HIGH,False,False,General
134,373,13.022814651742626,77.59274554235925,685.914,1.838911528150134,0.6238605898123324,0.7667560321715817,0.1420911528150134,42,17,0.8793565683646113,0.9731903485254692,0.0,0.0563002680965147,,R.T. Nagar,SCOOTER,R.T. Nagar area,0.0243285824783489,0.2632364399952455,0.6967138347319827,0.2413793103448276,0.6666666666666666,0.996041253236388,0.0563002680965147,0.3565838178994442,34.9,15.6,8.9,MEDIUM,Evening + night (7pm–midnight),Weekday-uniform,34.9,MEDIUM,76.7,395.0,894.0,0.8942053092445654,0.1329469924680286,43.3,MEDIUM,True,False,Metro zone
135,156,12.81913285,77.68859938653847,384.159,2.4625576923076924,0.558974358974359,0.8589743589743589,0.1025641025641025,39,18,0.5576923076923077,0.9230769230769232,0.2884615384615384,0.6666666666666666,,Electronic City,SCOOTER,Electronic City area,0.0109602655370251,0.2104964001515726,0.8166249431042328,0.2206896551724138,0.7222222222222222,0.6682586183368247,0.6666666666666666,0.3628411468145784,34.2,14.0,4.0,MEDIUM,Late night (11pm–4am),Weekday-uniform,34.2,MEDIUM,85.9,6117.0,10416.0,0.0,0.0,28.9,MEDIUM,False,False,General
136,378,12.945104717404876,77.59541013521164,545.2529999999999,1.4424682539682538,0.5976190476190476,0.7645502645502645,0.3042328042328042,98,23,0.2354497354497354,0.7645502645502645,0.0423280423280423,0.0185185185185185,"10th Cross, Wilson Garden",Wilson Garden,SCOOTER,"10th Cross, Wilson Garden",0.0180970342710829,0.2419071076706545,0.6938456842302995,0.6275862068965518,1.0,0.2732216542361038,0.0185185185185185,0.3681780514504871,50.2,14.9,3.9,HIGH,Evening + night (7pm–midnight),Weekday-uniform,50.2,HIGH,76.5,2835.0,2856.0,0.0,0.0,44.0,MEDIUM,False,False,General
137,211,12.920879039038685,77.62165616794017,559.605,2.6521563981042653,0.7890995260663507,0.6492890995260664,0.4407582938388625,72,20,0.2464454976303317,0.7535545023696683,0.0094786729857819,0.1706161137440758,Madiwala Traffic PS Junction,Madiwala,SCOOTER,Madiwala Traffic PS Junction,0.0187328550022784,0.3975439497583639,0.5439720687624443,0.4482758620689655,0.8333333333333334,0.276605200491654,0.1706161137440758,0.3336132976588521,43.1,19.7,2.9,MEDIUM,Evening + night (7pm–midnight),Weekday-uniform,43.1,MEDIUM,64.9,1014.0,797.0,0.2062958142540116,0.2540441911606627,43.2,MEDIUM,False,False,General
138,264,12.961035223543735,77.63700104615282,681.807,2.582602272727273,0.8431818181818181,0.8560606060606061,0.4204545454545454,64,22,0.5492424242424242,0.9393939393939394,0.0303030303030303,0.0643939393939393,"Sri Hatti Maramma Circle, Domluru",Halasur,CAR,"Sri Hatti Maramma Circle, Domluru",0.0241466346144261,0.4415024630541872,0.8128362022592791,0.3931034482758621,0.9444444444444444,0.6705001222905763,0.0643939393939393,0.4190744610659262,53.6,21.1,4.1,HIGH,Late night (11pm–4am),Weekday-uniform,53.6,HIGH,85.6,650.0,433.0,0.6107809273048195,0.7083095729762994,62.9,HIGH,False,True,Event venue
139,199,13.045415322613064,77.50709795125628,357.6669,1.797321105527638,0.7286432160804021,0.8341708542713567,0.3768844221105528,77,22,0.5175879396984925,0.8391959798994975,0.0,0.0753768844221105,,Peenya,PASSENGER AUTO,Peenya area,0.0097866154260369,0.348404584498849,0.7843730486753291,0.4827586206896552,0.9444444444444444,0.5796140079077183,0.0753768844221105,0.4014411121637078,51.7,18.2,2.6,HIGH,Evening + night (7pm–midnight),Weekday-uniform,51.7,HIGH,83.4,9760.0,6548.0,0.0,0.0,45.2,MEDIUM,False,False,General
140,215,12.91740042821182,77.67224374116279,472.908,2.199572093023256,0.7269767441860465,0.8883720930232558,0.2465116279069767,77,21,0.3395348837209302,0.8511627906976744,0.2604651162790697,0.2465116279069767,,Bellandur,CAR,Bellandur area,0.0148920140092146,0.3470500630083629,0.8548506949222512,0.4827586206896552,0.8888888888888888,0.4226106362052236,0.2465116279069767,0.4006420449005649,51.9,18.2,2.8,HIGH,Late night (11pm–4am),Weekday-uniform,51.9,HIGH,88.8,3696.0,725.0,0.0,0.3431337087412487,49.2,MEDIUM,False,False,General
141,206,13.050496150970874,77.5255267038835,171.42299999999997,0.8321504854368931,0.3,0.9854368932038836,0.0679611650485436,24,13,0.5825242718446602,0.9951456310679612,0.8495145631067961,0.0097087378640776,,Jalahalli,SCOOTER,Jalahalli area,0.0015356585783021,0.0,0.9810636525535704,0.1172413793103448,0.4444444444444444,0.7355350744803755,0.0097087378640776,0.2836898411387638,19.9,7.5,8.6,LOW,Late night (11pm–4am),Weekday-uniform,19.9,LOW,98.5,7788.0,5512.0,0.0,0.0,15.6,LOW,False,False,General
142,213,12.94613129463736,77.58833473133848,537.483,2.523394366197183,0.6981220657276995,0.892018779342723,0.4647887323943662,39,19,0.488262910798122,0.8544600938967136,0.3755868544600939,0.107981220657277,Siddapura Junction,Wilson Garden,SCOOTER,Siddapura Junction,0.0177528085825804,0.3235967529313814,0.8595924660388365,0.2206896551724138,0.7777777777777778,0.5619368246003972,0.107981220657277,0.3552781949668502,39.4,17.5,5.5,MEDIUM,Late night (11pm–4am),Weekday-uniform,39.4,MEDIUM,89.2,2892.0,2865.0,0.0,0.0,33.7,MEDIUM,False,False,General
143,170,12.941742171764709,77.62187986470587,343.875,2.022794117647059,0.6811764705882353,0.7941176470588235,0.3705882352941176,51,21,0.4058823529411764,0.8058823529411765,0.3176470588235294,0.0647058823529411,,Adugodi,CAR,Adugodi area,0.0091756081836613,0.3098232396406838,0.7322920292377304,0.3034482758620689,0.8888888888888888,0.455991885805417,0.0647058823529411,0.3423105857532485,39.8,17.0,3.3,MEDIUM,Evening + night (7pm–midnight),Weekday-uniform,39.8,MEDIUM,79.4,989.0,703.0,0.2343496352539844,0.3709191471201183,41.4,MEDIUM,False,False,General
144,211,12.88135905740451,77.64446681614584,603.18,2.85867298578199,1.328436018957346,0.8767772511848341,0.2890995260663507,52,22,0.4881516587677725,0.8672985781990521,0.962085308056872,0.0047393364928909,,Hulimavu,CAR,Hulimavu area,0.0206633098769886,0.8359209021081877,0.8397739701057234,0.3103448275862069,0.9444444444444444,0.5697352773493501,0.0047393364928909,0.4557598869371382,66.1,33.2,4.1,HIGH,Late night (11pm–4am),Weekday-uniform,66.1,HIGH,87.7,1322.0,3150.0,0.0,0.0,58.8,HIGH,False,False,General
145,337,12.989583209268186,77.59278779711357,651.8729999999999,1.934341246290801,0.7240356083086054,0.9376854599406528,0.2729970326409495,86,22,0.5281899109792285,0.8427299703264095,0.1543026706231454,0.0356083086053412,LRDE Junction,High ground,CAR,LRDE Junction,0.0228205018268283,0.3446594845858122,0.9189726616683932,0.5448275862068965,0.9444444444444444,0.591576036430809,0.0356083086053412,0.4334975739350062,57.9,18.1,3.9,HIGH,Late night (11pm–4am),Weekday-uniform,57.9,HIGH,93.8,536.0,408.0,0.7380482908800816,0.7398545220158714,69.1,HIGH,False,True,Event venue
146,150,13.001216279333333,77.52549623,840.0930000000001,5.60062,1.2006666666666663,0.6666666666666666,0.2066666666666666,47,19,0.3933333333333333,0.8333333333333334,0.9666666666666668,0.6,,Rajajinagar,CAR,Rajajinagar area,0.0311590036402065,0.7320689655172413,0.5665680473372781,0.2758620689655172,0.7777777777777778,0.4613014548885247,0.6,0.3994304866316976,51.7,30.0,3.2,HIGH,Evening + night (7pm–midnight),Weekday-uniform,51.7,HIGH,66.7,5851.0,3472.0,0.0,0.0,45.7,MEDIUM,False,False,General
147,131,12.91014353894623,77.55064565695952,579.336,4.422412213740458,0.9603053435114504,0.4885496183206106,0.3511450381679389,43,18,0.3129770992366412,0.7633587786259542,0.8549618320610687,0.8473282442748091,,K.S. Layout,CAR,K.S. Layout area,0.0196069756020008,0.5367013875831985,0.3349631871358236,0.2482758620689655,0.7222222222222222,0.3440570684678335,0.8473282442748091,0.3228674994815445,35.3,24.0,3.0,MEDIUM,Mixed / daytime,Weekday-uniform,35.3,MEDIUM,48.9,7871.0,5566.0,0.0,0.0,30.5,MEDIUM,False,False,General
148,396,13.007683084848484,77.52684220782828,2213.601,5.5899015151515155,1.257828282828283,0.7070707070707071,0.2272727272727272,93,23,0.4343434343434343,0.8257575757575758,0.9217171717171716,0.5429292929292929,,Rajajinagar,CAR,Rajajinagar area,0.0920080045364427,0.7785303776683088,0.6191052537206383,0.593103448275862,1.0,0.4944972318420038,0.5429292929292929,0.5028094511413191,73.5,31.4,4.3,HIGH,Evening + night (7pm–midnight),Weekday-uniform,73.5,HIGH,70.7,6089.0,3178.0,0.0,0.0,65.9,HIGH,False,False,General
149,300,12.98961556299322,77.50164800729921,417.8046,1.392682,0.4713333333333333,0.7,0.25,69,23,0.4966666666666666,0.8166666666666667,0.0,0.0866666666666666,,Kamakshipalya,SCOOTER,Kamakshipalya area,0.0124508292210768,0.1392610837438423,0.6099112426035502,0.4275862068965517,1.0,0.546435568255172,0.0866666666666666,0.3392259189117652,37.5,11.8,4.3,MEDIUM,Evening + night (7pm–midnight),Weekday-uniform,37.5,MEDIUM,70.0,7916.0,6342.0,0.0,0.0,31.7,MEDIUM,False,False,General
150,198,12.99823553939394,77.58198447424242,292.10519999999997,1.4752787878787876,0.502020202020202,0.9242424242424242,0.2676767676767677,35,16,0.3232323232323232,0.7676767676767676,0.702020202020202,0.0707070707070707,Windsor Circle,Sheshadripuram,MOTOR CYCLE,Windsor Circle,0.0068821081774015,0.1642036124794745,0.9014927380311992,0.193103448275862,0.6111111111111112,0.3561814945358408,0.0707070707070707,0.2911492163712496,28.3,12.6,5.7,MEDIUM,Late night (11pm–4am),Weekday-uniform,28.3,MEDIUM,92.4,985.0,1658.0,0.2390565997874234,0.0,27.0,MEDIUM,False,False,General
151,132,12.90658870960648,77.54523364386347,415.3095,3.146284090909091,0.6909090909090909,0.2878787878787879,0.4090909090909091,49,21,0.7878787878787878,0.8863636363636364,0.4545454545454545,0.4545454545454545,,K.S. Layout,CAR,K.S. Layout area,0.0123402915743094,0.3177339901477833,0.0740317374932759,0.2896551724137931,0.8888888888888888,0.8581588332986566,0.4545454545454545,0.3033472674265479,26.8,17.3,2.7,MEDIUM,Mixed / daytime,Weekday-uniform,26.8,MEDIUM,28.8,8442.0,6225.0,0.0,0.0,21.8,LOW,False,False,General
152,106,13.05507223018868,77.50758112264151,276.849,2.6117830188679245,0.9009433962264152,0.6509433962264151,0.330188679245283,53,21,0.4528301886792453,0.9339622641509434,0.0,0.1509433962264151,,Chikkabanavara,CAR,Chikkabanavara area,0.0062062296768954,0.4884515289525048,0.5461231439097911,0.3172413793103448,0.8888888888888888,0.5781552344993036,0.1509433962264151,0.3588858588791047,44.0,22.5,2.0,MEDIUM,Evening + night (7pm–midnight),Weekday-uniform,44.0,MEDIUM,65.1,9772.0,7194.0,0.0,0.0,38.0,MEDIUM,False,False,General
153,112,13.006578035714286,77.62136432142857,177.741,1.5869732142857145,0.6660714285714285,0.7232142857142857,0.2946428571428571,11,7,0.1875,0.4017857142857143,0.9553571428571428,0.1696428571428571,,Pulikeshinagar(F.Town),SCOOTER,Pulikeshinagar(F.Town) area,0.0018155579219262,0.297545742434905,0.6400966821639897,0.0275862068965517,0.1111111111111111,0.0057020710929172,0.1696428571428571,0.1654924231784405,10.1,16.7,10.2,LOW,Evening + night (7pm–midnight),Weekday-uniform,10.1,LOW,72.3,2941.0,2737.0,0.0,0.0,7.6,LOW,False,False,General
154,181,12.925830517679556,77.63364014475138,642.2868,3.548545856353591,1.0243093922651934,0.9060773480662984,0.3812154696132597,52,20,0.5248618784530387,0.8674033149171271,0.2375690607734806,0.149171270718232,,Adugodi,CAR,Adugodi area,0.0223958150449591,0.5887243828756498,0.8778727647193434,0.3103448275862069,0.8333333333333334,0.6036884436690865,0.149171270718232,0.4244207820268213,55.7,25.6,3.5,HIGH,Late night (11pm–4am),Weekday-uniform,55.7,HIGH,90.6,570.0,720.0,0.7003139890476204,0.3504387694457385,62.6,HIGH,False,False,General
155,163,12.999259393251531,77.624819198773,396.336,2.431509202453988,0.941717791411043,0.9447852760736196,0.0674846625766871,30,13,0.147239263803681,0.950920245398773,0.8466257668711656,0.0184049079754601,,Pulikeshinagar(F.Town),CAR,Pulikeshinagar(F.Town) area,0.0114997296565741,0.5215932787331138,0.9282045231785674,0.1586206896551724,0.4444444444444444,0.306488131136122,0.0184049079754601,0.3207261955888299,39.1,23.5,5.4,MEDIUM,Late night (11pm–4am),Weekday-uniform,39.1,MEDIUM,94.5,2521.0,3126.0,0.0,0.0,34.2,MEDIUM,False,False,General
156,185,12.911089936216216,77.64460213459459,367.974,1.9890486486486485,0.6897297297297297,0.7405405405405405,0.4594594594594595,25,16,0.5297297297297298,0.8378378378378378,0.3675675675675676,0.0486486486486486,,HSR Layout,CAR,HSR Layout area,0.0102432394407042,0.3167753960857409,0.6626259395490165,0.1241379310344827,0.6111111111111112,0.5899867542203308,0.0486486486486486,0.2911460807981739,27.4,17.2,7.4,MEDIUM,Evening + night (7pm–midnight),Weekday-uniform,27.4,MEDIUM,74.1,1146.0,2064.0,0.059972218233844,0.0,23.6,LOW,False,False,General
157,187,12.9406675828877,77.52456532566845,469.053,2.5083048128342247,0.8363636363636364,0.6149732620320856,0.2299465240641711,40,16,0.6417112299465241,0.8502673796791443,0.7112299465240641,0.1229946524064171,Nayandahalli Junction,Byatarayanapura,SCOOTER,Nayandahalli Junction,0.0147212302216757,0.4359605911330049,0.499351327405626,0.2275862068965517,0.6111111111111112,0.7010109466963474,0.1229946524064171,0.3162130262828468,33.5,20.9,4.7,MEDIUM,Evening + night (7pm–midnight),Weekday-uniform,33.5,MEDIUM,61.5,6695.0,7750.0,0.0,0.0,28.4,MEDIUM,False,False,General
158,139,13.00588455179856,77.59331948705035,332.5386,2.3923640287769783,0.8546762589928057,0.8273381294964028,0.1798561151079136,53,20,0.5467625899280576,0.920863309352518,0.0,0.1223021582733813,,R.T. Nagar,CAR,R.T. Nagar area,0.0086733842331928,0.4508452351419358,0.7754884849516835,0.3172413793103448,0.8333333333333334,0.6568066295037587,0.1223021582733813,0.3892673843779308,47.7,21.4,2.6,MEDIUM,Evening + night (7pm–midnight),Weekday-uniform,47.7,MEDIUM,82.7,169.0,418.0,1.0,0.7277148662543698,63.2,HIGH,True,True,"Metro zone, Event venue"
159,106,12.989424416037735,77.50731450943395,221.214,2.086924528301887,0.6660377358490566,0.660377358490566,0.2452830188679245,46,20,0.5283018867924528,0.8679245283018868,0.0,0.1792452830188679,,Kamakshipalya,CAR,Kamakshipalya area,0.0037414940038144,0.2975183567246026,0.5583900859662833,0.2689655172413793,0.8333333333333334,0.6071848253267578,0.1792452830188679,0.3228676222079367,33.8,16.7,2.3,MEDIUM,Evening + night (7pm–midnight),Weekday-uniform,33.8,MEDIUM,66.0,7308.0,5786.0,0.0,0.0,28.4,MEDIUM,False,False,General
160,108,12.97982888425926,77.65254512407408,332.60999999999996,3.079722222222222,1.0046296296296295,1.0,0.0,18,13,0.4629629629629629,0.9907407407407408,1.0,0.0648148148148148,,Banaswadi,CAR,Banaswadi area,0.0086765473881683,0.5727285166940339,1.0,0.0758620689655172,0.4444444444444444,0.6224522397619373,0.0648148148148148,0.3598219612267621,41.6,25.1,6.0,MEDIUM,Late night (11pm–4am),Weekday-uniform,41.6,MEDIUM,100.0,373.0,373.0,0.9192041454498876,0.7841046636311236,57.4,HIGH,True,True,"Metro zone, Event venue"
161,97,12.938222258762886,77.59262467731959,254.7,2.6257731958762887,1.0072164948453608,0.9690721649484536,0.3402061855670103,59,22,0.3402061855670103,0.865979381443299,0.0412371134020618,0.0,,Wilson Garden,CAR,Wilson Garden area,0.0052249871061563,0.5748311411304656,0.9597846641859328,0.3586206896551724,0.9444444444444444,0.4323488772711008,0.0,0.4232323025491371,59.0,25.2,1.6,HIGH,Late night (11pm–4am),Weekday-uniform,59.0,HIGH,96.9,3652.0,2220.0,0.0,0.0,52.1,HIGH,False,False,General
162,182,12.981055405826684,77.58811065764543,474.2682,2.6058692307692306,0.8868131868131869,0.9615384615384616,0.1758241758241758,47,18,0.6483516483516484,0.6978021978021978,0.0109890109890109,0.0494505494505494,CID Carlton House Junction,Cubbon Park,CAR,CID Carlton House Junction,0.0149522734405532,0.4769663833703244,0.949988620846609,0.2758620689655172,0.7222222222222222,0.613309749984858,0.0494505494505494,0.395933967702769,49.3,22.2,3.9,MEDIUM,Late night (11pm–4am),Weekday-uniform,49.3,MEDIUM,96.2,431.0,501.0,0.8544910485919617,0.6238228840270761,61.7,HIGH,True,True,"Metro zone, Event venue"
163,172,12.894778762790695,77.59911661569767,302.202,1.7569883720930233,0.5790697674418605,0.9651162790697676,0.1860465116279069,40,19,0.4244186046511627,0.9127906976744186,0.0,0.0290697674418604,,J.P. Nagar,SCOOTER,J.P. Nagar area,0.0073294155045151,0.2268301065414137,0.9546408421632034,0.2275862068965517,0.7777777777777778,0.5388977762058974,0.0290697674418604,0.3466784417619903,37.4,14.5,4.3,MEDIUM,Late night (11pm–4am),Weekday-uniform,37.4,MEDIUM,96.5,3476.0,2401.0,0.0,0.0,31.9,MEDIUM,False,False,General
164,154,12.937596803420904,77.62678468386484,219.168,1.423168831168831,0.5655844155844155,0.6233766233766234,0.3116883116883117,64,20,0.3311688311688311,0.922077922077922,0.0649350649350649,0.0324675324675324,,Adugodi,SCOOTER,Adugodi area,0.0036508523360311,0.2158691062631949,0.5102781833551063,0.3931034482758621,0.8333333333333334,0.4585306998298074,0.0324675324675324,0.2997926463246245,33.1,14.1,2.4,MEDIUM,Evening + night (7pm–midnight),Weekday-uniform,33.1,MEDIUM,62.3,623.0,296.0,0.641649699478643,0.880072944660075,46.2,MEDIUM,False,True,Event venue
165,193,13.057301860103628,77.54693206528498,389.553,2.0184093264248704,0.7259067357512953,0.694300518134715,0.3419689119170984,66,20,0.4248704663212435,0.7823834196891192,0.1450777202072538,0.0414507772020725,,Jalahalli,CAR,Jalahalli area,0.0111992299339084,0.3461803517190331,0.6025002299414416,0.4068965517241379,0.8333333333333334,0.459058705912888,0.0414507772020725,0.3380080817725901,41.5,18.1,2.9,MEDIUM,Evening + night (7pm–midnight),Weekday-uniform,41.5,MEDIUM,69.4,5614.0,5263.0,0.0,0.0,35.9,MEDIUM,False,False,General
166,132,12.949972903030304,77.52237524166667,1074.222,8.138045454545454,1.5303030303030305,0.6060606060606061,0.3863636363636363,17,11,0.6818181818181818,0.9924242424242424,0.9166666666666666,0.7196969696969697,Nayandahalli Junction,Byatarayanapura,CAR,Nayandahalli Junction,0.041531360940517,1.0,0.4877622377622377,0.0689655172413793,0.3333333333333333,0.8255225357320343,0.7196969696969697,0.3978390069240829,47.9,38.3,7.8,MEDIUM,Evening + night (7pm–midnight),Weekday-uniform,47.9,MEDIUM,60.6,6328.0,7569.0,0.0,0.0,42.4,MEDIUM,False,False,General
167,190,12.967897424210529,77.60083123,673.0005,3.542107894736842,0.958421052631579,0.9526315789473684,0.1526315789473684,56,19,0.6842105263157895,0.8210526315789474,0.0947368421052631,0.2157894736842105,"Cash Pharmacy, Residency Road",Ashok Nagar,CAR,"Cash Pharmacy, Residency Road",0.0237564900165114,0.5351698211044854,0.9384070383058236,0.3379310344827586,0.7777777777777778,0.7222642348595917,0.2157894736842105,0.439646806036861,56.1,24.0,3.4,HIGH,Late night (11pm–4am),Weekday-uniform,56.1,HIGH,95.3,241.0,791.0,1.0,0.2614682677808412,66.2,HIGH,True,False,Metro zone
168,107,12.985441838317758,77.74572289158878,150.26399999999998,1.404336448598131,0.3130841121495327,0.794392523364486,0.4859813084112149,7,5,0.0186915887850467,0.9065420560747663,0.9813084112149532,0.9532710280373832,,Whitefield,SCOOTER,Whitefield area,0.0005982748790711,0.0106348694811472,0.7326494497594426,0.0,0.0,0.160508953006005,0.9532710280373832,0.1753865770522795,0.0,7.8,15.3,LOW,Evening + night (7pm–midnight),Weekday-uniform,0.0,LOW,79.4,3009.0,147.0,0.0,1.0,8.7,LOW,False,True,Event venue
169,123,13.099011677235772,77.57674236422764,274.53,2.231951219512195,0.6853658536585365,0.967479674796748,0.1219512195121951,29,14,0.8455284552845529,0.959349593495935,1.0,0.008130081300813,,Yelahanka,CAR,Yelahanka area,0.0061034935930295,0.3132284032199928,0.9577139558377832,0.1517241379310344,0.5,0.9562951566435886,0.008130081300813,0.3612670423556299,36.0,17.1,4.2,MEDIUM,Late night (11pm–4am),Weekday-uniform,36.0,MEDIUM,96.7,6402.0,8013.0,0.0,0.0,30.6,MEDIUM,False,False,General
170,122,12.963027537510516,77.73297445771895,444.72,3.6452459016393446,0.8106557377049181,0.6557377049180327,0.5409836065573771,17,10,0.4590163934426229,0.9344262295081968,0.0,0.7213114754098361,,Whitefield,CAR,Whitefield area,0.0136432323222764,0.4150650084793669,0.5523571636434182,0.0689655172413793,0.2777777777777778,0.5841515106374334,0.7213114754098361,0.2818096257133206,22.2,20.3,7.2,LOW,Evening + night (7pm–midnight),Weekday-uniform,22.2,LOW,65.6,1737.0,1983.0,0.0,0.0,18.4,LOW,False,False,General
171,276,12.954420163043478,77.5920520231884,758.466,2.7480652173913045,0.9376811594202898,0.9130434782608696,0.3079710144927536,102,22,0.6413043478260869,0.8586956521739131,0.2753623188405797,0.0543478260869565,"BMTC Junction, KH Road",Wilson Garden,CAR,"BMTC Junction, KH Road",0.0275427732315325,0.5183122724352109,0.8869307949575506,0.6551724137931034,0.9444444444444444,0.705822326333955,0.0543478260869565,0.4850692225295273,69.6,23.4,2.7,HIGH,Late night (11pm–4am),Weekday-uniform,69.6,HIGH,91.3,1925.0,1930.0,0.0,0.0,61.9,HIGH,False,False,General
172,269,12.921060681803509,77.66591893338143,522.813,1.943542750929368,0.7869888475836431,0.8513011152416357,0.2118959107806691,91,22,0.5353159851301115,0.9256505576208178,0.1152416356877323,0.0297397769516728,,Bellandur,CAR,Bellandur area,0.0171028998502339,0.3958283736517296,0.8066474560612392,0.5793103448275863,0.9444444444444444,0.6491860028362193,0.0297397769516728,0.4332488297118035,58.8,19.7,3.0,HIGH,Late night (11pm–4am),Weekday-uniform,58.8,HIGH,85.1,3475.0,1486.0,0.0,0.0,51.8,HIGH,False,False,General
173,74,13.012969337837838,77.62640197297297,218.475,2.952364864864865,0.8689189189189189,0.8378378378378378,0.1081081081081081,40,19,0.5135135135135135,0.8783783783783784,0.0135135135135135,0.1081081081081081,,Banaswadi,SCOOTER,Banaswadi area,0.0036201511259755,0.4624217813872987,0.7891412122181352,0.2275862068965517,0.7777777777777778,0.5999666567966879,0.1081081081081081,0.3661382742759424,43.4,21.7,1.8,MEDIUM,Evening + night (7pm–midnight),Weekday-uniform,43.4,MEDIUM,83.8,3353.0,1926.0,0.0,0.0,37.5,MEDIUM,False,False,General
174,140,12.999894869285717,77.61876121071428,206.892,1.4778,0.6314285714285715,0.6142857142857143,0.2571428571428571,44,21,0.5,0.9214285714285714,0.3571428571428571,0.0142857142857142,,Pulikeshinagar(F.Town),SCOOTER,Pulikeshinagar(F.Town) area,0.0031070023293313,0.2693877551020409,0.4984573119188504,0.2551724137931034,0.8888888888888888,0.6139860437491899,0.0142857142857142,0.3053865017989922,31.2,15.8,3.2,MEDIUM,Evening + night (7pm–midnight),Weekday-uniform,31.2,MEDIUM,61.4,2550.0,2466.0,0.0,0.0,26.0,MEDIUM,False,False,General
175,114,12.951860925509596,77.57693999329577,211.269,1.853236842105263,0.7315789473684211,0.4824561403508772,0.3771929824561403,32,15,0.4561403508771929,0.956140350877193,0.0701754385964912,0.0263157894736842,VV Puram College,V.V.Puram (C.Pet),CAR,VV Puram College,0.0033009117036654,0.3507907700285196,0.327039862971037,0.1724137931034483,0.5555555555555556,0.5948599815017684,0.0263157894736842,0.2448842806059669,21.5,18.3,3.6,LOW,Mixed / daytime,Weekday-uniform,21.5,LOW,48.2,2721.0,2556.0,0.0,0.0,17.2,LOW,False,False,General
176,98,12.949193663265303,77.57610119183674,185.118,1.8889591836734696,0.6755102040816326,0.8469387755102041,0.3163265306122449,33,16,0.4081632653061224,0.8673469387755102,0.1326530612244898,0.0408163265306122,Vasavi Circle,V.V.Puram (C.Pet),CAR,Vasavi Circle,0.0021423729674968,0.3052176535638886,0.8009751237773215,0.1793103448275862,0.6111111111111112,0.4959244751758211,0.0408163265306122,0.3062125551707924,31.7,16.9,3.0,MEDIUM,Evening + night (7pm–midnight),Weekday-uniform,31.7,MEDIUM,84.7,3030.0,2860.0,0.0,0.0,26.8,MEDIUM,False,False,General
177,98,13.144029241836735,77.61785031938776,193.35,1.9729591836734692,0.6571428571428573,0.7142857142857143,0.1836734693877551,17,12,0.3469387755102041,0.9081632653061223,0.0,0.1122448979591836,,Chikkajala,MOTOR CYCLE,Chikkajala area,0.0025070661293697,0.2902885292047855,0.628486897717667,0.0689655172413793,0.3888888888888889,0.46452512183184,0.1122448979591836,0.2398669074334177,18.7,16.4,5.8,LOW,Evening + night (7pm–midnight),Weekday-uniform,18.7,LOW,71.4,11236.0,12792.0,0.0,0.0,14.9,LOW,False,False,General
178,126,12.959051502006492,77.65541575824663,472.2597,3.748092857142858,0.8777777777777779,0.7619047619047619,0.3412698412698413,44,19,0.5,0.9206349206349206,0.3412698412698413,0.5396825396825397,,Jeevanbheemanagar,CAR,Jeevanbheemanagar area,0.0148632930936604,0.4696223316912973,0.6904057480980558,0.2551724137931034,0.7777777777777778,0.6134976093638391,0.5396825396825397,0.3828507276637553,43.5,21.9,2.9,MEDIUM,Evening + night (7pm–midnight),Weekday-uniform,43.5,MEDIUM,76.2,1982.0,620.0,0.0,0.475365194677245,42.8,MEDIUM,False,False,General
179,111,12.93839047007473,77.57977041149027,205.587,1.852135135135135,0.7288288288288289,0.927927927927928,0.2162162162162162,33,17,0.3783783783783784,0.6576576576576577,0.4324324324324324,0.036036036036036,"9th Cross, 4th Main, Jayanagar",Basavanagudi,CAR,"9th Cross, 4th Main, Jayanagar",0.0030491883623434,0.348555452003728,0.90628498320806,0.1793103448275862,0.6666666666666666,0.3393803117473608,0.036036036036036,0.3184438731578137,36.0,18.2,3.4,MEDIUM,Late night (11pm–4am),Weekday-uniform,36.0,MEDIUM,92.8,3979.0,3078.0,0.0,0.0,30.9,MEDIUM,False,False,General
180,75,13.083747633333331,77.63697552933333,136.7595,1.82346,0.5573333333333333,0.4933333333333333,0.4,28,13,0.5733333333333334,0.6266666666666667,0.0,0.4666666666666667,,Hennuru,SCOOTER,Hennuru area,0.0,0.2091625615763547,0.3411834319526627,0.1448275862068965,0.4444444444444444,0.5002785188395198,0.4666666666666667,0.2220816666221168,13.1,13.9,2.7,LOW,Mixed / daytime,Weekday-uniform,13.1,LOW,49.3,6093.0,6045.0,0.0,0.0,9.6,LOW,False,False,General
181,177,12.989592900000002,77.60963115706215,414.411,2.3413050847457626,0.692090395480226,0.7062146892655368,0.3446327683615819,39,19,0.4067796610169492,0.9152542372881356,0.5028248587570622,0.1751412429378531,,Pulikeshinagar(F.Town),CAR,Pulikeshinagar(F.Town) area,0.012300486325774,0.3186941638139768,0.6179921773142112,0.2206896551724138,0.7777777777777778,0.5241306739424482,0.1751412429378531,0.3162444526617378,32.9,17.3,4.5,MEDIUM,Evening + night (7pm–midnight),Weekday-uniform,32.9,MEDIUM,70.6,1401.0,1492.0,0.0,0.0,27.8,MEDIUM,False,False,General
182,159,12.975369072955974,77.59954420062894,328.944,2.0688301886792453,0.8245283018867924,0.8427672955974843,0.5408805031446541,50,21,0.2830188679245283,0.7232704402515723,0.3584905660377358,0.0566037735849056,Siddalingaiah Circle,Cubbon Park,CAR,Siddalingaiah Circle,0.0085141366579173,0.4263407379868016,0.7955509657251313,0.296551724137931,0.8888888888888888,0.2917299383350891,0.0566037735849056,0.3512128265764978,44.7,20.6,3.2,MEDIUM,Evening + night (7pm–midnight),Weekday-uniform,44.7,MEDIUM,84.3,220.0,183.0,1.0,1.0,63.5,HIGH,True,True,"Metro zone, Event venue"
183,98,12.92104765320129,77.61047042618947,339.942,3.468795918367347,0.8520408163265306,0.5510204081632653,0.2755102040816326,41,17,0.5102040816326531,0.8469387755102041,0.3979591836734694,0.3673469387755102,"16th Main Road, BTM Layout",Mico Layout,SCOOTER,"16th Main Road, BTM Layout",0.0090013688486703,0.4487031265708254,0.4161936964134765,0.2344827586206896,0.6666666666666666,0.577562793870172,0.3673469387755102,0.3103976408878092,32.6,21.3,2.4,MEDIUM,Mixed / daytime,Weekday-uniform,32.6,MEDIUM,55.1,2225.0,1033.0,0.0,0.0,27.7,MEDIUM,False,False,General
